"file","exists","file_size","content_preview"
"03_results/GSE243013_step05_COMPLETE.txt",TRUE,567,"GSE243013 Step 05 COMPLETE | ========================== | "
"03_results/GSE243013_step06_COMPLETE.txt",TRUE,599,"GSE243013 Step 06 COMPLETE | =========================== | "
"03_results/GSE243013_step07_COMPLETE.txt",TRUE,770,"GSE243013 Step 07 COMPLETE | =========================== | "
"03_results/GSE243013_step08A_COMPLETE.txt",TRUE,747,"GSE243013 Step 08A COMPLETE | =========================== | "
"03_results/GSE243013_step08B1_COMPLETE.txt",TRUE,493,"GSE243013 Step 08B1 COMPLETE | ============================= | Completion time: 2026-08-04 20:03:05.655753"
"03_results/GSE243013_step08B1_QC_COMPLETE.txt",TRUE,768,"GSE243013 Step 08B1 QC Audit Complete | ====================================== | Finished: 2026-08-04 20:36:52"
"03_results/GSE243013_step08B1_QC2_COMPLETE.txt",TRUE,24120,"GSE243013_step08B1_QC2_COMPLETE | = | "
"03_results/GSE243013_step08B1_VALIDATED_FOR_B2.txt",TRUE,137,"GSE243013_step08B1_VALIDATED_FOR_B2 | Status: PASS | Timestamp: 2026-08-04 21:07:13 CST"
"03_results/GSE243013_step08B2_COMPLETE.txt",TRUE,250,"Step 08B2: TCGA Multi-Omics Integration |  Status: COMPLETE |  Finished: 2026-08-04 23:25:57 CST "
