"package","version"
"AnnotationHub","4.2.2"
"BiocBaseUtils","1.14.2"
"BiocIO","1.22.0"
"bitops","1.1-0"
"BPCells","0.3.1"
"cigarillo","1.2.1"
"curatedTCGAData","1.34.0"
"decoupleR","2.17.0"
"edgeR","4.10.1"
"ExperimentHub","3.2.0"
"fastmatch","1.1-8"
"fgsea","1.38.0"
"GenomeInfoDb","1.48.0"
"GenomicAlignments","1.48.0"
"GenomicDataCommons","1.36.0"
"GenomicFeatures","1.64.0"
"locfit","1.5-9.12"
"msigdbr","26.1.0"
"MultiAssayExperiment","1.38.0"
"parallelly","1.48.0"
"pheatmap","1.0.13"
"RaggedExperiment","1.36.0"
"RCurl","1.98-1.19"
"remotes","2.5.0"
"restfulr","0.0.17"
"Rhtslib","3.8.0"
"Rsamtools","2.28.0"
"rtracklayer","1.72.0"
"TCGAutils","1.32.2"
"UCSC.utils","1.8.0"
"abind","1.4-8"
"admisc","0.40"
"annotate","1.90.0"
"AnnotationDbi","1.74.0"
"aplot","0.3.0"
"askpass","1.2.1"
"assertthat","0.2.1"
"assorthead","1.6.3"
"babelgene","22.9"
"backports","1.5.1"
"base","4.6.1"
"base64enc","0.1-6"
"beachmat","2.28.0"
"BH","1.90.0-1"
"Biobase","2.72.0"
"BiocFileCache","3.2.0"
"BiocGenerics","0.58.1"
"biocmake","1.4.0"
"BiocManager","1.30.27"
"BiocParallel","1.46.0"
"BiocSingular","1.28.0"
"BiocVersion","3.23.1"
"biomaRt","2.68.0"
"Biostrings","2.80.1"
"bit","4.6.0"
"bit64","4.8.2"
"blob","1.3.0"
"boot","1.3-32"
"broom","1.0.13"
"bslib","0.11.0"
"cachem","1.1.0"
"car","3.1-5"
"carData","3.0-6"
"cellranger","1.1.0"
"checkmate","2.3.4"
"class","7.3-23"
"cli","3.6.6"
"clipr","0.8.1"
"cluster","2.1.8.2"
"cmprsk","2.2-12"
"codetools","0.2-20"
"colorspace","2.1-2"
"commonmark","2.0.0"
"compiler","4.6.1"
"corrplot","0.95"
"cowplot","1.2.0"
"cpp11","0.5.5"
"crayon","1.5.3"
"curl","7.1.0"
"data.table","1.18.4"
"datasets","4.6.1"
"DBI","1.3.0"
"dbplyr","2.6.0"
"DelayedArray","0.38.2"
"DelayedMatrixStats","1.34.0"
"Deriv","4.2.0"
"digest","0.6.39"
"dir.expiry","1.20.0"
"doBy","4.7.2"
"downloader","0.4.1"
"dplyr","1.2.1"
"e1071","1.7-17"
"evaluate","1.0.5"
"exactRankTests","0.8-37"
"farver","2.1.2"
"fastmap","1.2.0"
"filelock","1.0.3"
"flextable","0.10.0"
"fontawesome","0.5.3"
"fontBitstreamVera","0.1.1"
"fontLiberation","0.1.0"
"fontquiver","0.2.1"
"forcats","1.0.1"
"foreach","1.5.2"
"forecast","9.0.2"
"foreign","0.8-91"
"formatR","1.14"
"Formula","1.2-5"
"fracdiff","1.5-4"
"fs","2.1.0"
"futile.logger","1.4.9"
"futile.options","1.0.1"
"gdata","3.0.1"
"gdtools","0.5.1"
"generics","0.1.4"
"GenomicRanges","1.64.0"
"GEOquery","2.80.0"
"ggfun","0.2.1"
"ggplot2","4.0.3"
"ggplotify","0.1.3"
"ggpubr","0.6.3"
"ggrepel","0.9.8"
"ggsci","5.1.0"
"ggsignif","0.6.4"
"ggtext","0.1.2"
"ggvenn","0.1.19"
"ggVennDiagram","1.5.7"
"glmnet","5.0"
"glue","1.8.1"
"gmodels","2.19.1"
"graph","1.90.0"
"graphics","4.6.1"
"grDevices","4.6.1"
"grid","4.6.1"
"gridExtra","2.3.1"
"gridGraphics","0.5-1"
"gridtext","0.1.6"
"GSEABase","1.74.0"
"GSVA","2.6.2"
"gtable","0.3.6"
"gtools","3.9.5"
"h5mread","1.4.0"
"haven","2.5.5"
"HDF5Array","1.40.0"
"hexbin","1.28.6"
"highr","0.12"
"Hmisc","5.2-6"
"hms","1.1.4"
"htmlTable","2.5.0"
"htmltools","0.5.9"
"htmlwidgets","1.6.4"
"httr","1.4.8"
"httr2","1.2.3"
"IRanges","2.46.0"
"irlba","2.3.7"
"isoband","0.3.0"
"iterators","1.0.14"
"janitor","2.2.1"
"jpeg","0.1-11"
"jquerylib","0.1.4"
"jsonlite","2.0.0"
"KEGGREST","1.52.2"
"KernSmooth","2.23-26"
"knitr","1.51"
"labeling","0.4.3"
"labelled","2.16.0"
"lambda.r","1.2.4"
"lattice","0.22-9"
"lifecycle","1.0.5"
"limma","3.68.4"
"litedown","0.9"
"lme4","2.0-1"
"lmtest","0.9-40"
"lubridate","1.9.5"
"magick","2.9.1"
"magrittr","2.0.5"
"markdown","2.0"
"MASS","7.3-65"
"mathjaxr","2.0-0"
"Matrix","1.7-5"
"MatrixGenerics","1.24.0"
"MatrixModels","0.5-4"
"matrixStats","1.5.0"
"maxstat","0.7-26"
"memoise","2.0.1"
"memuse","4.2-3"
"metadat","1.6-0"
"metafor","5.0-1"
"methods","4.6.1"
"mgcv","1.9-4"
"mime","0.13"
"minqa","1.2.8"
"mitools","2.4"
"modelr","0.1.11"
"msigdbr","26.1.0"
"multcomp","1.4-30"
"mvtnorm","1.4-1"
"nlme","3.1-169"
"nloptr","2.2.1"
"nnet","7.3-20"
"numDeriv","2016.8-1.1"
"officer","0.7.6"
"openssl","2.4.2"
"parallel","4.6.1"
"patchwork","1.3.2"
"pbapply","1.7-4"
"pbkrtest","0.5.5"
"pillar","1.11.1"
"pkgconfig","2.0.3"
"plyr","1.8.9"
"png","0.1-9"
"polspline","1.1.25"
"polynom","1.4-1"
"prettyunits","1.2.0"
"progress","1.2.3"
"proxy","0.4-29"
"purrr","1.2.2"
"quantreg","6.1"
"R.methodsS3","1.8.2"
"R.oo","1.27.1"
"R.utils","2.13.0"
"R6","2.6.1"
"ragg","1.5.2"
"rappdirs","0.3.4"
"rbibutils","2.4.1"
"RColorBrewer","1.1-3"
"Rcpp","1.1.1-1.1"
"RcppArmadillo","15.4.0-1"
"RcppEigen","0.3.4.0.2"
"Rdpack","2.6.6"
"readr","2.2.0"
"readxl","1.5.0"
"reformulas","0.4.4"
"rematch","2.0.0"
"rentrez","1.2.4"
"rhdf5","2.56.0"
"rhdf5filters","1.24.0"
"Rhdf5lib","2.0.0"
"rjson","0.2.23"
"rlang","1.2.0"
"rmarkdown","2.31"
"rms","8.1-1"
"rpart","4.1.27"
"RSQLite","3.53.3"
"rstatix","1.0.0"
"rstudioapi","0.19.0"
"rsvd","1.0.5"
"rvest","1.0.5"
"S4Arrays","1.12.0"
"S4Vectors","0.50.1"
"S7","0.2.2"
"sandwich","3.1-1"
"sass","0.4.10"
"ScaledMatrix","1.20.0"
"scales","1.4.0"
"scattermore","1.2"
"selectr","0.6-0"
"Seqinfo","1.2.0"
"shape","1.4.6.1"
"SingleCellExperiment","1.34.0"
"snakecase","0.11.1"
"snow","0.4-4"
"SparseArray","1.12.2"
"SparseM","1.84-2"
"sparseMatrixStats","1.24.0"
"spatial","7.3-18"
"SpatialExperiment","1.22.0"
"splines","4.6.1"
"statmod","1.5.2"
"stats","4.6.1"
"stats4","4.6.1"
"stringi","1.8.7"
"stringr","1.6.0"
"SummarizedExperiment","1.42.0"
"survey","4.5"
"survival","3.8-9"
"survminer","0.5.2"
"sys","3.4.3"
"systemfonts","1.3.2"
"tableone","0.13.2"
"TCGAbiolinks","2.40.0"
"TCGAbiolinksGUI.data","1.32.0"
"tcltk","4.6.1"
"textshaping","1.0.5"
"TH.data","1.1-5"
"tibble","3.3.1"
"tidyr","1.3.2"
"tidyselect","1.2.1"
"timechange","0.4.0"
"timeDate","4052.112"
"tinytex","0.60"
"tools","4.6.1"
"tzdb","0.5.0"
"urca","1.3-4"
"utf8","1.2.6"
"utils","4.6.1"
"uuid","1.2-2"
"vctrs","0.7.3"
"venn","1.13"
"viridisLite","0.4.3"
"vroom","1.7.1"
"withr","3.0.3"
"writexl","1.5.4"
"xfun","0.59"
"XML","3.99-0.23"
"xml2","1.6.0"
"xtable","1.8-8"
"XVector","0.52.0"
"yaml","2.3.12"
"yulab.utils","0.2.4"
"zip","3.0.1"
"zoo","1.8-15"
