"program_id","meta_logHR","meta_SE","meta_HR","meta_lower_95","meta_upper_95","meta_Z","meta_PValue","Q","I2","heterogeneity_P","n_cohorts","metafor_logHR","metafor_SE"
"Tier 2_All_immune_Hallmark_HALLMARK_ADIPOGENESIS",0.0490878135881513,0.0513632500117076,1.05031257840674,0.949723721236568,1.1615551846205,0.955699134633466,0.339224259844555,2.69530434602647,62.8984384834224,0.100644269604313,2,0.0490878135881512,0.0513632500117075
"Tier 2_All_immune_Hallmark_HALLMARK_ALLOGRAFT_REJECTION",-0.00470776682921845,0.0685555321541141,0.995303297335728,0.870161362972059,1.1384424726741,-0.0686708523921206,0.945251619838213,4.01180496189314,75.0735639070523,0.0451827557586043,2,-0.00470776682921845,0.0685555321541141
"Tier 2_All_immune_Hallmark_HALLMARK_APICAL_JUNCTION",0.0625303432949383,0.0548547278886992,1.06452675967724,0.956011895165018,1.18535891425631,1.13992623246282,0.254317035123131,0.538922230516722,0,0.462879732562636,2,0.0625303432949383,0.0548547278886992
"Tier 2_All_immune_Hallmark_HALLMARK_APOPTOSIS",0.0629286022807763,0.0529505783862825,1.06495080145857,0.959968765145505,1.18141365709471,1.18844031922943,0.234659979522971,0.038999238438887,0,0.84345017161893,2,0.0629286022807763,0.0529505783862825
"Tier 2_All_immune_Hallmark_HALLMARK_DNA_REPAIR",0.0282738702942237,0.0518970140020825,1.02867737002099,0.92918792134826,1.13881929293472,0.544807265656733,0.585886081067438,11.9455502994345,91.6286820202219,0.000547780491465238,2,0.0282738702942237,0.0518970140020825
"Tier 2_All_immune_Hallmark_HALLMARK_E2F_TARGETS",0.0372710391222552,0.0514416187650877,1.03797431436275,0.93842294227009,1.14808646373304,0.724530837422835,0.468739902311626,11.478264334426,91.2878814177439,0.000704148594133537,2,0.0372710391222552,0.0514416187650877
"Tier 2_All_immune_Hallmark_HALLMARK_EPITHELIAL_MESENCHYMAL_TRANSITION",0.0795891649003248,0.0512100121963567,1.08284210673358,0.979432008009792,1.19717041971891,1.55417195752957,0.120143404634767,0.351078936832631,0,0.553503004664821,2,0.0795891649003248,0.0512100121963567
"Tier 2_All_immune_Hallmark_HALLMARK_ESTROGEN_RESPONSE_EARLY",0.0399497803164814,0.0555849962262692,1.04075850631715,0.93332965526053,1.16055271828811,0.71871517547394,0.47231643105209,0.157776525495046,0,0.691211920438807,2,0.0399497803164814,0.0555849962262692
"Tier 2_All_immune_Hallmark_HALLMARK_ESTROGEN_RESPONSE_LATE",0.0552950532648142,0.0506203138702622,1.05685239642711,0.957029787670704,1.16708696241548,1.09234907959151,0.27467969548856,8.61467564712855,88.3919019013406,0.00333465173747778,2,0.0552950532648142,0.0506203138702622
"Tier 2_All_immune_Hallmark_HALLMARK_FATTY_ACID_METABOLISM",-0.0173215266726222,0.0509601007953432,0.982827628530236,0.889404337324473,1.0860641295141,-0.339903697251029,0.733929052242703,2.33358782205737,57.147530915791,0.126609762546401,2,-0.0173215266726223,0.0509601007953432
"Tier 2_All_immune_Hallmark_HALLMARK_G2M_CHECKPOINT",0.0494851718597104,0.0519745960284486,1.05073001172729,0.948963411076702,1.16341003737097,0.952103058821745,0.341044717896427,11.1525363957233,91.0334298448604,0.00083916858394576,2,0.0494851718597104,0.0519745960284486
"Tier 2_All_immune_Hallmark_HALLMARK_GLYCOLYSIS",0.175383254794563,0.0548174686847494,1.1917028549352,1.07030217609792,1.32687359343534,3.19940447821801,0.00137711813591639,10.4578552276187,90.4378098736818,0.00122128994702029,2,0.175383254794563,0.0548174686847494
"Tier 2_All_immune_Hallmark_HALLMARK_HYPOXIA",0.170735621781333,0.0531783427337943,1.18617710817275,1.0687674514986,1.31648482556256,3.21062321622204,0.0013244747247844,3.08524871254565,67.5877022188303,0.0790051857333102,2,0.170735621781333,0.0531783427337943
"Tier 2_All_immune_Hallmark_HALLMARK_IL2_STAT5_SIGNALING",0.0493566513802507,0.0694886237444882,1.05059498007975,0.916822811975539,1.20388563389959,0.710283910093494,0.477528095436832,0.365813818350147,0,0.545294985253492,2,0.0493566513802507,0.0694886237444882
"Tier 2_All_immune_Hallmark_HALLMARK_IL6_JAK_STAT3_SIGNALING",0.00352972742937639,0.0550670221270873,1.00353596425318,0.90086340563122,1.11791024616424,0.0640987526296639,0.948891595062796,2.98847419922296,66.5381083008844,0.0838591495978875,2,0.00352972742937639,0.0550670221270873
"Tier 2_All_immune_Hallmark_HALLMARK_INFLAMMATORY_RESPONSE",0.0358276556859488,0.0539069564334897,1.03647720014494,0.932552359983948,1.15198355879854,0.664620265292715,0.506293404108317,0.794521752019817,0,0.372736339564344,2,0.0358276556859487,0.0539069564334897
"Tier 2_All_immune_Hallmark_HALLMARK_INTERFERON_ALPHA_RESPONSE",0.0616928980447121,0.0521865226355884,1.06363564997848,0.960220161112655,1.17818896303346,1.18216150318168,0.237141624463435,0.0566851356310559,0,0.811814079839592,2,0.0616928980447121,0.0521865226355884
"Tier 2_All_immune_Hallmark_HALLMARK_INTERFERON_GAMMA_RESPONSE",0.0510196094810762,0.052290987566776,1.05234352899139,0.949831454778938,1.16591938226324,0.975686477826102,0.329219855209415,0.191591691635717,0,0.661595155065274,2,0.0510196094810762,0.052290987566776
"Tier 2_All_immune_Hallmark_HALLMARK_MITOTIC_SPINDLE",0.0626361402308239,0.0522034377931963,1.06463938930441,0.961094444193993,1.17933990369596,1.19984703840687,0.230198751912289,11.7508774044316,91.4899971671658,0.000608145628978011,2,0.0626361402308239,0.0522034377931963
"Tier 2_All_immune_Hallmark_HALLMARK_MTORC1_SIGNALING",0.0600591281493024,0.0512955928241072,1.06189933283142,0.960328146375514,1.1742134158243,1.17084382580869,0.241661558095135,10.9877271201467,90.8989367039664,0.000917172217043882,2,0.0600591281493024,0.0512955928241072
"Tier 2_All_immune_Hallmark_HALLMARK_MYC_TARGETS_V1",0.0448834932298347,0.0515579423115492,1.04590599768028,0.945378338224417,1.15712335660044,0.870544696268467,0.384002804298107,13.4966693083847,92.5907646016136,0.000238987270981758,2,0.0448834932298347,0.0515579423115492
"Tier 2_All_immune_Hallmark_HALLMARK_MYC_TARGETS_V2",0.0540107914692634,0.0523479698034745,1.05549599244618,0.952570432964504,1.16954269365976,1.03176477850109,0.302182322874008,8.25960398348689,87.8928820074272,0.00405369698531355,2,0.0540107914692634,0.0523479698034745
"Tier 2_All_immune_Hallmark_HALLMARK_OXIDATIVE_PHOSPHORYLATION",0.0124764528415876,0.0511611323384851,1.01255460847615,0.915944627427521,1.11935460337358,0.24386584642112,0.807334721307122,5.47210210194596,81.7254871826243,0.0193223711756686,2,0.0124764528415876,0.0511611323384851
"Tier 2_All_immune_Hallmark_HALLMARK_REACTIVE_OXYGEN_SPECIES_PATHWAY",0.0918602386295527,0.0529536516190031,1.09621160333805,0.988141948934428,1.21610046065631,1.73472906628761,0.0827888054193632,8.6781697816498,88.4768329594735,0.00322044235231638,2,0.0918602386295527,0.0529536516190031
"Tier 2_All_immune_Hallmark_HALLMARK_SPERMATOGENESIS",0.0243337672149264,0.0516244152541109,1.0246322494769,0.92602866723025,1.13373514645962,0.471361604681589,0.637382529722263,9.58900906113816,89.5713937318847,0.00195745560957202,2,0.0243337672149265,0.0516244152541109
"Tier 2_All_immune_Hallmark_HALLMARK_UNFOLDED_PROTEIN_RESPONSE",0.0277555045610218,0.0511247535755542,1.02814427710234,0.930113169645751,1.13650756599964,0.542897571525769,0.587200328099078,5.39458228282167,81.4628835455089,0.0201993598326113,2,0.0277555045610218,0.0511247535755542
"Tier 2_All_immune_Hallmark_HALLMARK_UV_RESPONSE_UP",0.0646916075842433,0.0504444370636639,1.066829971376,0.966398031194955,1.17769919959255,1.2824329371066,0.199690816210145,10.8048407439792,90.7448890391353,0.00101235033613759,2,0.0646916075842432,0.0504444370636639
"Tier 2_All_immune_Hallmark_HALLMARK_XENOBIOTIC_METABOLISM",0.081245113794275,0.0525197233905789,1.0846367234092,0.978540068531069,1.20223673981368,1.54694481519011,0.121876553238128,0.000856153813493276,0,0.976657143927257,2,0.081245113794275,0.0525197233905789
"Tier 2_CD8T_prf_MKI67_Hallmark_HALLMARK_E2F_TARGETS",0.0451528723983741,0.0522550750556518,1.04618778091987,0.944341825864145,1.15901768085352,0.86408587778864,0.387540716275914,13.1245024738488,92.3806635566373,0.000291458746434517,2,0.0451528723983741,0.0522550750556518
"Tier 2_CD8T_prf_MKI67_Hallmark_HALLMARK_G2M_CHECKPOINT",0.0548408105538367,0.0527062727282622,1.05637243794653,0.952692127182528,1.17133614922725,1.04049874360457,0.298108247464295,11.9555005081689,91.6356492200663,0.000544862892001783,2,0.0548408105538367,0.0527062727282622
"Tier 2_CD8T_prf_MKI67_Hallmark_HALLMARK_GLYCOLYSIS",0.0893391271711002,0.0530300166570962,1.09345141254029,0.985506353452802,1.2132199730599,1.68468978142675,0.0920484390512151,15.7749518592256,93.6608364391605,7.13407734620508e-05,2,0.0893391271711002,0.0530300166570962
"Tier 2_CD8T_prf_MKI67_Hallmark_HALLMARK_HEME_METABOLISM",0.0111373860566545,0.0523891072455478,1.0111996376327,0.912520010779456,1.12055044828561,0.212589727945803,0.831646984220585,7.93696783610259,87.4007300942894,0.00484349258824708,2,0.0111373860566545,0.0523891072455478
"Tier 2_CD8T_prf_MKI67_Hallmark_HALLMARK_HYPOXIA",0.0372657763703643,0.0506077494579028,1.03796885177584,0.939952992857301,1.14620555011139,0.736365018589953,0.4615085873824,1.64473742235685,39.2000214498046,0.199676712196426,2,0.0372657763703643,0.0506077494579028
"Tier 2_CD8T_prf_MKI67_Hallmark_HALLMARK_INTERFERON_ALPHA_RESPONSE",0.0636847914555908,0.0524117818341056,1.06575641028429,0.961710027048491,1.181059460873,1.21508541070339,0.224333517340798,0.00461974197641864,0,0.945810563328785,2,0.0636847914555908,0.0524117818341055
"Tier 2_CD8T_prf_MKI67_Hallmark_HALLMARK_INTERFERON_GAMMA_RESPONSE",0.0434207124541856,0.0524277933782412,1.0443771849253,0.942388411866278,1.15740356169326,0.828200266620534,0.407557092872666,0.0513959604165223,0,0.820651761014905,2,0.0434207124541856,0.0524277933782412
"Tier 2_CD8T_prf_MKI67_Hallmark_HALLMARK_KRAS_SIGNALING_UP",-0.00958342660270332,0.0522321361399003,0.99046234808719,0.894081438501389,1.09723300443718,-0.183477592741655,0.854423298732068,4.26172675104213,76.5353327790087,0.0389802793619118,2,-0.00958342660270331,0.0522321361399003
"Tier 2_CD8T_prf_MKI67_Hallmark_HALLMARK_MITOTIC_SPINDLE",0.0570951152784209,0.0523181091628972,1.05875650952659,0.955568929027443,1.17308685162653,1.09130693352564,0.275137847874407,12.4150128072059,91.9452358565464,0.000425896092172245,2,0.0570951152784209,0.0523181091628972
"Tier 2_CD8T_prf_MKI67_Hallmark_HALLMARK_OXIDATIVE_PHOSPHORYLATION",0.01070924036827,0.0511753972289799,1.01076678953539,0.914301824589164,1.11740945424313,0.209265407757412,0.83424105452057,5.69195946979065,82.4313576843375,0.0170428142480554,2,0.01070924036827,0.0511753972289798
"Tier 2_CD8T_prf_MKI67_Hallmark_HALLMARK_SPERMATOGENESIS",0.0491132677572429,0.0523022527251711,1.05033931358097,0.948001544428844,1.16372455312655,0.939027770281997,0.347716486575627,10.5626701149188,90.5326968548645,0.00115394388315797,2,0.0491132677572429,0.0523022527251711
"Tier 2_CD8T_prf_MKI67_Hallmark_HALLMARK_TNFA_SIGNALING_VIA_NFKB",0.066314955991327,0.0518385838541532,1.06856321455881,0.965326716750732,1.18284030027847,1.27925863441607,0.200805994101532,1.0090485004207,0.89673592666022,0.315130896799547,2,0.066314955991327,0.0518385838541532
"Tier 2_CD8T_prf_MKI67_Hallmark_HALLMARK_UV_RESPONSE_DN",0.0079124346872009,0.0505843281110362,1.00794382072392,0.912805140925839,1.11299849243298,0.156420673806965,0.875701442406442,5.75710996227233,82.6301737060221,0.0164220618282457,2,0.00791243468720091,0.0505843281110362
"Tier 2_CD8T_Trm_ZNF683_Hallmark_HALLMARK_ALLOGRAFT_REJECTION",0.00961574538312022,0.0519586873807302,1.0096621252024,0.911901515724422,1.11790318306292,0.185065209839893,0.85317788874453,0.669645960267322,0,0.413175068617424,2,0.00961574538312022,0.0519586873807302
"Tier 2_CD8T_Trm_ZNF683_Hallmark_HALLMARK_CHOLESTEROL_HOMEOSTASIS",0.0389358895327112,0.0528044029115455,1.03970382561534,0.937479169884838,1.15307526793578,0.737360662858627,0.460903050641794,0.998720683031696,0,0.317620263254302,2,0.0389358895327112,0.0528044029115455
"Tier 2_CD8T_Trm_ZNF683_Hallmark_HALLMARK_COMPLEMENT",0.044685236037885,0.0517076491637986,1.04569865984793,0.94491362637869,1.15723348323216,0.864190052352446,0.387483495936114,0.00621974011113548,0,0.937139740800869,2,0.044685236037885,0.0517076491637986
"Tier 2_CD8T_Trm_ZNF683_Hallmark_HALLMARK_E2F_TARGETS",0.0221774785549602,0.0507764094543205,1.02242522692072,0.925571139434053,1.12941436925429,0.436767364870718,0.662280068998705,9.78650166653254,89.781844073866,0.00175797601794914,2,0.0221774785549602,0.0507764094543205
"Tier 2_CD8T_Trm_ZNF683_Hallmark_HALLMARK_ESTROGEN_RESPONSE_LATE",0.0578193945254085,0.0521381683495974,1.05952362266259,0.956598595995516,1.17352284613359,1.10896482089124,0.267445358361003,0.0574725529666974,0,0.810536212934921,2,0.0578193945254085,0.0521381683495974
"Tier 2_CD8T_Trm_ZNF683_Hallmark_HALLMARK_FATTY_ACID_METABOLISM",0.0188500207263159,0.0512166293648385,1.01902880395605,0.921700843497598,1.12663421175962,0.368044929158437,0.712839733187037,2.44843088759605,59.1575157352376,0.117642414752022,2,0.0188500207263159,0.0512166293648385
"Tier 2_CD8T_Trm_ZNF683_Hallmark_HALLMARK_GLYCOLYSIS",0.11112797693408,0.052163439699956,1.11753791677958,1.00892724741744,1.23784048714796,2.13038054187546,0.0331402089173391,6.30467215057916,84.1387470098959,0.0120420181598437,2,0.11112797693408,0.052163439699956
"Tier 2_CD8T_Trm_ZNF683_Hallmark_HALLMARK_IL2_STAT5_SIGNALING",0.00924853339078413,0.0524252303648094,1.00929143322726,0.910733538314492,1.11851508078992,0.176413786385424,0.859968874551347,1.2332739216577,18.9150129230125,0.266771281808086,2,0.00924853339078413,0.0524252303648094
"Tier 2_CD8T_Trm_ZNF683_Hallmark_HALLMARK_INTERFERON_ALPHA_RESPONSE",0.0668080775959034,0.0524846397764104,1.06909027610781,0.964580664768851,1.18492321089824,1.27290723305928,0.203050962290462,0.157841160559184,0,0.691151935139569,2,0.0668080775959034,0.0524846397764104
"Tier 2_CD8T_Trm_ZNF683_Hallmark_HALLMARK_INTERFERON_GAMMA_RESPONSE",0.0476197858418389,0.0525284198085995,1.04877182161291,0.946167260912931,1.16250305759678,0.906552795902743,0.364643333607273,0.37508367397146,0,0.54024618679778,2,0.0476197858418389,0.0525284198085995
"Tier 2_CD8T_Trm_ZNF683_Hallmark_HALLMARK_MTORC1_SIGNALING",0.101911805885351,0.0543981564635673,1.10728581132967,0.995302487204935,1.23186858641854,1.87344227287565,0.0610073372016922,9.07586789441415,88.9817699901134,0.00259004623423756,2,0.101911805885351,0.0543981564635673
"Tier 2_CD8T_Trm_ZNF683_Hallmark_HALLMARK_OXIDATIVE_PHOSPHORYLATION",0.00667898547221292,0.0511450872557204,1.00670133963568,0.910678470267719,1.11284895856421,0.130588993598127,0.896100449997,5.53332205488207,81.9276740070154,0.0186576481634068,2,0.00667898547221292,0.0511450872557204
"Tier 2_CD8T_Trm_ZNF683_Hallmark_HALLMARK_UV_RESPONSE_DN",-0.0236895762990219,0.0508461820352736,0.976588819024861,0.883955910058141,1.07892906262897,-0.465906688580623,0.641282293326784,4.05342862329639,75.3295273474739,0.0440817275919864,2,-0.0236895762990219,0.0508461820352736
"Tier 2_cDC2_CD1C_Hallmark_HALLMARK_ADIPOGENESIS",0.0464404749018134,0.0510866434018307,1.04753572254592,0.947726475639434,1.15785632059022,0.90905316555108,0.363322062734392,2.27773722453906,56.0967793287759,0.131243229606118,2,0.0464404749018133,0.0510866434018307
"Tier 2_cDC2_CD1C_Hallmark_HALLMARK_COMPLEMENT",0.0585380458217878,0.0526908328405404,1.06028532435373,0.956249911351536,1.17563929229648,1.11097211158045,0.26658035372689,0.615611074123747,0,0.432682929641738,2,0.0585380458217878,0.0526908328405404
"Tier 2_cDC2_CD1C_Hallmark_HALLMARK_DNA_REPAIR",0.00214021358220349,0.0513825754753248,1.00214250547405,0.906132592463751,1.10832521601189,0.0416525166830392,0.966775707279929,8.57973516470241,88.3446285834781,0.00339924807713163,2,0.00214021358220348,0.0513825754753248
"Tier 2_cDC2_CD1C_Hallmark_HALLMARK_E2F_TARGETS",0.0313758520680321,0.0510847623882957,1.03187326271172,0.933559777454343,1.14054017323106,0.614191993877627,0.539088463263816,11.5240353509125,91.3224840991066,0.000687020920585437,2,0.0313758520680321,0.0510847623882956
"Tier 2_cDC2_CD1C_Hallmark_HALLMARK_FATTY_ACID_METABOLISM",0.0200213971609098,0.0521249753506838,1.02022316967253,0.921139715428891,1.12996464977307,0.384103724293601,0.700901571240667,1.59915421516592,37.4669440560335,0.206023111958319,2,0.0200213971609098,0.0521249753506838
"Tier 2_cDC2_CD1C_Hallmark_HALLMARK_GLYCOLYSIS",0.081435201215811,0.0524974260987279,1.08484291880421,0.978768868269334,1.20241274179533,1.55122274114281,0.120848314124908,7.1109127195181,85.9371076619294,0.00766160900857797,2,0.081435201215811,0.0524974260987279
"Tier 2_cDC2_CD1C_Hallmark_HALLMARK_HEME_METABOLISM",0.035901351522766,0.0507076375413771,1.03655358701421,0.938487616477761,1.1448668260371,0.708006786817286,0.478941042872792,1.31685456398212,24.0614698576858,0.251157339216281,2,0.035901351522766,0.0507076375413771
"Tier 2_cDC2_CD1C_Hallmark_HALLMARK_HYPOXIA",0.0942044380335643,0.0525090637880114,1.09878435627005,0.99132452402681,1.21789286184464,1.79406051522618,0.0728035103998959,0.382182845939581,0,0.536437323219975,2,0.0942044380335643,0.0525090637880114
"Tier 2_cDC2_CD1C_Hallmark_HALLMARK_IL2_STAT5_SIGNALING",0.0152197538767361,0.0536733118375833,1.01533616415959,0.913949521359572,1.12796987378116,0.283562786712164,0.776745458813136,2.87395373699666,65.2047286938927,0.0900234657359673,2,0.0152197538767361,0.0536733118375833
"Tier 2_cDC2_CD1C_Hallmark_HALLMARK_INTERFERON_ALPHA_RESPONSE",0.0595465085186969,0.052497773703607,1.06135512188621,0.957577014809626,1.17638025697394,1.13426730921745,0.256682437486435,0.0702950956836242,0,0.790907604937135,2,0.0595465085186969,0.052497773703607
"Tier 2_cDC2_CD1C_Hallmark_HALLMARK_INTERFERON_GAMMA_RESPONSE",0.0390563295516247,0.0525132552147015,1.03982905510493,0.938127275823858,1.15255625937416,0.743742306431815,0.457032389586041,0.336647170206771,0,0.561770961960928,2,0.0390563295516246,0.0525132552147015
"Tier 2_cDC2_CD1C_Hallmark_HALLMARK_MITOTIC_SPINDLE",0.043075650769274,0.0519359095794669,1.04401687254276,0.942971959691594,1.15588933366634,0.829400141791377,0.406878021290182,2.71424364287205,63.1573236755614,0.0994561020097404,2,0.043075650769274,0.0519359095794669
"Tier 2_cDC2_CD1C_Hallmark_HALLMARK_MTORC1_SIGNALING",0.0877511247947785,0.0517675060964884,1.09171638707568,0.986380410268494,1.20830123692861,1.69510048699702,0.0900563598781759,7.73565505229453,87.0728465367211,0.0054140918887466,2,0.0877511247947785,0.0517675060964884
"Tier 2_cDC2_CD1C_Hallmark_HALLMARK_MYC_TARGETS_V1",0.0483819909077921,0.0522043122220853,1.04957150553122,0.947490412275222,1.16265065160689,0.926781502301334,0.354039990940914,14.261145585238,92.9879405968962,0.000159115740655023,2,0.0483819909077921,0.0522043122220853
"Tier 2_cDC2_CD1C_Hallmark_HALLMARK_MYC_TARGETS_V2",0.0518514389337127,0.0527860390143388,1.05321926351349,0.949699939408039,1.16802241529816,0.982294559355509,0.325954754105952,9.11280099384944,89.0264255669038,0.00253826904397662,2,0.0518514389337127,0.0527860390143388
"Tier 2_cDC2_CD1C_Hallmark_HALLMARK_OXIDATIVE_PHOSPHORYLATION",0.00937245683116332,0.0510549236518524,1.00941651584418,0.913296047025169,1.11565324932467,0.183575964094567,0.85434612051611,5.47890092169131,81.7481641976598,0.0192473572486589,2,0.00937245683116333,0.0510549236518524
"Tier 2_cDC2_CD1C_Hallmark_HALLMARK_PROTEIN_SECRETION",0.00129255797914487,0.0520175443074173,1.00129339369224,0.904238768639602,1.10876517909101,0.0248485005656171,0.980175805128764,7.46574918105341,86.6054969735951,0.00628838564585768,2,0.00129255797914489,0.0520175443074173
"Tier 2_cDC2_CD1C_Hallmark_HALLMARK_UNFOLDED_PROTEIN_RESPONSE",0.00535164187945374,0.0511897137035344,1.0053659874943,0.90939094297743,1.11147001915488,0.104545259042624,0.916736653509862,12.8829385058912,92.2377957517789,0.000331591190509314,2,0.00535164187945374,0.0511897137035344
"Tier 2_cDC2_CD1C_Hallmark_HALLMARK_UV_RESPONSE_UP",0.0735243852287333,0.0528455873539406,1.07629478204634,0.970394134306162,1.19375253508559,1.39130604673373,0.164132640999612,0.807538644073228,0,0.368848953336977,2,0.0735243852287333,0.0528455873539406
"Tier 2_cDC2_CD1C_Hallmark_HALLMARK_WNT_BETA_CATENIN_SIGNALING",-0.105859235669683,0.0497232443311293,0.899551263895468,0.816019689876368,0.991633518669789,-2.12896879706238,0.0332568420647356,0.3465868642845,0,0.556051611662623,2,-0.105859235669683,0.0497232443311293
"Tier 2_cDC2_CD1C_Hallmark_HALLMARK_XENOBIOTIC_METABOLISM",-0.0216097878865422,0.0513007214670998,0.978622030726603,0.885007462362214,1.08213898724336,-0.421237504435507,0.673581660466673,0.0255581622796133,0,0.872984108373426,2,-0.0216097878865422,0.0513007214670998
"Tier 2_ILC3_KIT_Hallmark_HALLMARK_APICAL_JUNCTION",0.0450120018050892,0.0526967158099252,1.04604041420655,0.943391836747582,1.15985797791694,0.854170912044035,0.393010297649512,2.99208085808471,66.5784433165312,0.0836725851074132,2,0.0450120018050892,0.0526967158099252
"Tier 2_ILC3_KIT_Hallmark_HALLMARK_APOPTOSIS",0.0924148321952167,0.0525086478666852,1.09681972385415,0.989552837065352,1.21571427171406,1.75999260978591,0.0784090596140337,0.0616062472290996,0,0.803974979380543,2,0.0924148321952167,0.0525086478666852
"Tier 2_ILC3_KIT_Hallmark_HALLMARK_GLYCOLYSIS",0.109174527156595,0.0541364980264175,1.11535699344035,1.00307169905372,1.24021166581601,2.01665292615197,0.043731745641407,6.28309080460504,84.0842663093923,0.0121895321637823,2,0.109174527156595,0.0541364980264175
"Tier 2_ILC3_KIT_Hallmark_HALLMARK_INTERFERON_ALPHA_RESPONSE",0.0577239230736175,0.0513506823158091,1.05942247323264,0.957984755223877,1.17160108307577,1.12411209492043,0.260965474904917,0.105480139656336,0,0.745349806527788,2,0.0577239230736175,0.0513506823158091
"Tier 2_ILC3_KIT_Hallmark_HALLMARK_INTERFERON_GAMMA_RESPONSE",0.0210724243185267,0.0517948723088563,1.02129601562705,0.92270516620327,1.13042127619983,0.406843831815445,0.684122691570522,1.23546357221398,19.0587223702618,0.266347128605167,2,0.0210724243185267,0.0517948723088563
"Tier 2_ILC3_KIT_Hallmark_HALLMARK_OXIDATIVE_PHOSPHORYLATION",0.0238768126799327,0.0510145696405017,1.02416414608293,0.926712646366453,1.1318634770276,0.468039088601394,0.639756636878127,3.95108939739762,74.69052457637,0.0468410346167825,2,0.0238768126799327,0.0510145696405017
"Tier 2_M_CXCL10_Hallmark_HALLMARK_COMPLEMENT",0.0698638808516712,0.0521976187407796,1.0723622022895,0.96807719122846,1.18788119720073,1.33844957944585,0.180749926092686,0.833303074951516,0,0.36131914613909,2,0.0698638808516712,0.0521976187407796
"Tier 2_M_CXCL10_Hallmark_HALLMARK_FATTY_ACID_METABOLISM",0.0566410037467472,0.0527262144457905,1.05827582513681,0.954371398617606,1.17349254566013,1.0742474941944,0.282711770907309,0.188688867526034,0,0.664010109208589,2,0.0566410037467472,0.0527262144457905
"Tier 2_M_CXCL10_Hallmark_HALLMARK_GLYCOLYSIS",0.17525108506428,0.0531039737327741,1.19154535829866,1.07376084732609,1.32225005634975,3.30015011581177,0.000966331243177443,1.17416868247312,14.8333612600084,0.278546341224262,2,0.17525108506428,0.0531039737327742
"Tier 2_M_CXCL10_Hallmark_HALLMARK_INTERFERON_ALPHA_RESPONSE",0.0747926153387384,0.0525191445715373,1.07766063742255,0.972247470135684,1.19450292762182,1.42410193366463,0.154416966756921,0.103605026508927,0,0.747545615141837,2,0.0747926153387384,0.0525191445715373
"Tier 2_M_CXCL10_Hallmark_HALLMARK_INTERFERON_GAMMA_RESPONSE",0.0428270966727462,0.0526144987101489,1.0437574101188,0.941484569022223,1.15714008176399,0.813978992913701,0.415656985482813,0.506654764738482,0,0.476590579654434,2,0.0428270966727462,0.0526144987101489
"Tier 2_M_CXCL10_Hallmark_HALLMARK_MYC_TARGETS_V1",0.0505122701928384,0.0542520166534873,1.05180976918452,0.94570775714805,1.16981570912377,0.931067143834762,0.351818833121134,4.48102437749769,77.6836741834816,0.0342731727594805,2,0.0505122701928384,0.0542520166534873
"Tier 2_M_CXCL10_Hallmark_HALLMARK_OXIDATIVE_PHOSPHORYLATION",-0.000485628747927629,0.0510545418244721,0.999514489150627,0.90433760565593,1.10470825029711,-0.00951195977034214,0.99241066860024,3.34918934091765,70.1420284669242,0.0672381186714842,2,-0.000485628747927637,0.0510545418244721
"Tier 2_M_CXCL10_Hallmark_HALLMARK_UV_RESPONSE_DN",0.0416844973520312,0.0510850651210419,1.04256549468157,0.943232729111493,1.15235909140314,0.815982073298001,0.414510388804644,0.183827321922667,0,0.668104524796691,2,0.0416844973520312,0.0510850651210419
"Tier 2_Myeloid_cell_Hallmark_HALLMARK_ADIPOGENESIS",0.0617503451575885,0.0518347077925335,1.06369675453085,0.96093771758647,1.17744445336297,1.19129339755791,0.233538424938599,2.96665012473615,66.2919468776609,0.0849976951354273,2,0.0617503451575885,0.0518347077925335
"Tier 2_Myeloid_cell_Hallmark_HALLMARK_ALLOGRAFT_REJECTION",-0.00470166567049182,0.0716600988178245,0.995309369857651,0.864887827756573,1.14539794633953,-0.0656106501115003,0.947687809822886,7.51719488291492,86.6971654243952,0.00611127734831926,2,-0.00470166567049182,0.0716600988178245
"Tier 2_Myeloid_cell_Hallmark_HALLMARK_COMPLEMENT",0.0405925026354314,0.0551234157248535,1.04142764004836,0.934775026340334,1.160248721773,0.736393093600138,0.461491506472606,0.380446431216486,0,0.537364410732346,2,0.0405925026354314,0.0551234157248535
"Tier 2_Myeloid_cell_Hallmark_HALLMARK_DNA_REPAIR",0.0193256626127118,0.0519682595550406,1.01951361202703,0.920781856237678,1.1288319791133,0.371874347499431,0.709986405349355,11.8976507909986,91.5949793991552,0.000562047847962613,2,0.0193256626127118,0.0519682595550406
"Tier 2_Myeloid_cell_Hallmark_HALLMARK_E2F_TARGETS",0.0365112093302881,0.0513537875645579,1.03718593011225,0.937871611294928,1.14701696977213,0.710974030579324,0.477100328686879,11.4855635954884,91.2934181097321,0.000701388549097623,2,0.0365112093302881,0.0513537875645579
"Tier 2_Myeloid_cell_Hallmark_HALLMARK_EPITHELIAL_MESENCHYMAL_TRANSITION",0.0622009355210073,0.0505374920408076,1.06417615403633,0.963818240952073,1.17498387009243,1.23078793602939,0.21840218875172,0.0515114614736089,0,0.820453784026739,2,0.0622009355210073,0.0505374920408076
"Tier 2_Myeloid_cell_Hallmark_HALLMARK_ESTROGEN_RESPONSE_LATE",0.0139848090279684,0.0516955332561763,1.01408305391417,0.916366911454052,1.12221908864445,0.270522579942582,0.786758248000785,4.8677164303825,79.4564861305731,0.0273636873753347,2,0.0139848090279684,0.0516955332561763
"Tier 2_Myeloid_cell_Hallmark_HALLMARK_FATTY_ACID_METABOLISM",0.00619941425621488,0.0514752793197145,1.00621867039647,0.90965294329459,1.11303549350091,0.120434786137053,0.904138736583981,3.39067747588696,70.5073688927487,0.0655660040597472,2,0.00619941425621489,0.0514752793197145
"Tier 2_Myeloid_cell_Hallmark_HALLMARK_G2M_CHECKPOINT",0.0498062320132183,0.0521678747902658,1.05106741342637,0.948908594631139,1.16422457739066,0.954729940858389,0.339714284547274,11.8229005212918,91.5418386697993,0.000585066473169287,2,0.0498062320132183,0.0521678747902658
"Tier 2_Myeloid_cell_Hallmark_HALLMARK_GLYCOLYSIS",0.122672959726283,0.0544021136679147,1.13051463666739,1.01617422620204,1.25772068486325,2.25493002854837,0.0241377211233264,9.03700162631372,88.9343828699972,0.00264569211851099,2,0.122672959726283,0.0544021136679147
"Tier 2_Myeloid_cell_Hallmark_HALLMARK_HYPOXIA",0.180522320552745,0.0551973621168729,1.19784285769679,1.07501594153405,1.33470347396682,3.27048818330329,0.00107362027620442,1.68143426876698,40.526964474602,0.194733980911477,2,0.180522320552745,0.0551973621168729
"Tier 2_Myeloid_cell_Hallmark_HALLMARK_IL2_STAT5_SIGNALING",0.0663039398708278,0.053425893380688,1.06855144320252,0.962317528901099,1.18651292580532,1.24104503781297,0.214589111651777,1.43843473594543,30.4799880724002,0.230392802202213,2,0.0663039398708278,0.053425893380688
"Tier 2_Myeloid_cell_Hallmark_HALLMARK_IL6_JAK_STAT3_SIGNALING",-0.0207725384729744,0.0545600971715968,0.979441724544134,0.880108284132554,1.08998643584351,-0.380727666368386,0.703405337481076,2.37888615416198,57.9635201016051,0.122985208248904,2,-0.0207725384729744,0.0545600971715968
"Tier 2_Myeloid_cell_Hallmark_HALLMARK_INFLAMMATORY_RESPONSE",0.0272061424793792,0.0554770324846276,1.02757960873994,0.921706126368572,1.14561444487555,0.490403708722487,0.623848252816143,1.29685329556813,22.8902757607664,0.254788806310447,2,0.0272061424793793,0.0554770324846276
"Tier 2_Myeloid_cell_Hallmark_HALLMARK_INTERFERON_ALPHA_RESPONSE",0.0622893038048832,0.0524236642693297,1.06427019761197,0.960346542235581,1.17943992476747,1.18819057524991,0.23475833597629,0.00276811797691295,0,0.958040332962383,2,0.0622893038048832,0.0524236642693297
"Tier 2_Myeloid_cell_Hallmark_HALLMARK_INTERFERON_GAMMA_RESPONSE",0.0265215086570215,0.0544304488477339,1.02687633375502,0.922966655745663,1.14248439882614,0.487255005579946,0.62607762927174,1.27449977813946,21.5378443251031,0.258924218892712,2,0.0265215086570215,0.0544304488477339
"Tier 2_Myeloid_cell_Hallmark_HALLMARK_KRAS_SIGNALING_UP",0.0412986885952092,0.0521314000440565,1.04216334136628,0.940937222249351,1.15427937635558,0.792203711396729,0.428241904880005,0.805946172073762,0,0.369321486868343,2,0.0412986885952091,0.0521314000440565
"Tier 2_Myeloid_cell_Hallmark_HALLMARK_MITOTIC_SPINDLE",0.0603569629452994,0.0523799712568983,1.06221565050545,0.958574704354454,1.17706223944076,1.15229087563408,0.249201565139755,12.0759406086253,91.7190715621295,0.000510766878487391,2,0.0603569629452994,0.0523799712568983
"Tier 2_Myeloid_cell_Hallmark_HALLMARK_MTORC1_SIGNALING",0.0603162126859056,0.0526942081890989,1.0621723658241,0.957945458442052,1.17773942637111,1.14464596316647,0.252355844186783,11.2631264324506,91.1214705259912,0.000790619378654482,2,0.0603162126859056,0.0526942081890989
"Tier 2_Myeloid_cell_Hallmark_HALLMARK_MYC_TARGETS_V1",0.0457462369356885,0.0518872558650453,1.04680873585654,0.945583780990884,1.15886984474,0.88164687403533,0.377967798438941,13.5218034688061,92.6045367963901,0.000235807696764327,2,0.0457462369356885,0.0518872558650453
"Tier 2_Myeloid_cell_Hallmark_HALLMARK_MYC_TARGETS_V2",0.0478011116946387,0.0520414569434398,1.04896200830021,0.947242502705933,1.1616046489827,0.918519859015292,0.358346766947714,7.70753824463882,87.0256887703986,0.00549906935830433,2,0.0478011116946387,0.0520414569434398
"Tier 2_Myeloid_cell_Hallmark_HALLMARK_OXIDATIVE_PHOSPHORYLATION",0.0126026243000149,0.0512156060936342,1.01268237202773,0.915962399580422,1.11961537622665,0.246070002119557,0.805628044064041,5.53309710846701,81.9269392819845,0.0186600468824778,2,0.0126026243000149,0.0512156060936342
"Tier 2_Myeloid_cell_Hallmark_HALLMARK_SPERMATOGENESIS",0.0381018313587538,0.0513343504431581,1.03883701367713,0.939400385040793,1.14879912566648,0.742228761634834,0.457948745259396,11.2076102181599,91.0774912712464,0.00081462559829617,2,0.0381018313587538,0.0513343504431581
"Tier 2_Myeloid_cell_Hallmark_HALLMARK_TNFA_SIGNALING_VIA_NFKB",0.0773456946054225,0.0531749259368543,1.08041550565456,0.973480816338703,1.19909673130391,1.45455199499988,0.14579332908227,0.660555248320026,0,0.416363988172789,2,0.0773456946054226,0.0531749259368543
"Tier 2_Myeloid_cell_Hallmark_HALLMARK_UNFOLDED_PROTEIN_RESPONSE",0.0492482238790407,0.052302738198569,1.05048107286673,0.948128589502979,1.16388272294342,0.9415993421237,0.346397806693389,6.23496001232509,83.9614047560332,0.0125252421435478,2,0.0492482238790407,0.052302738198569
"Tier 2_Myeloid_cell_Hallmark_HALLMARK_UV_RESPONSE_DN",0.0292020988053663,0.0522316033921225,1.02963266098018,0.929441097571438,1.14062463918068,0.559088691689878,0.576101191971888,4.10935293480542,75.6652685747629,0.0426466760307037,2,0.0292020988053663,0.0522316033921224
"Tier 2_Myeloid_cell_Hallmark_HALLMARK_UV_RESPONSE_UP",0.121864616123649,0.052477559011935,1.12960116164374,1.01919041408636,1.25197290589781,2.32222341164788,0.0202209090004898,7.39821191791007,86.4832203903333,0.00652887423705343,2,0.121864616123649,0.052477559011935
"Tier 2_T_NK_cell_Hallmark_HALLMARK_ADIPOGENESIS",0.0467368682663409,0.0506554496377786,1.04784625120024,0.94880895454622,1.15722112538399,0.922642452106175,0.356193564889216,3.51125242744333,71.5201336086185,0.060953361251182,2,0.0467368682663409,0.0506554496377786
"Tier 2_T_NK_cell_Hallmark_HALLMARK_ALLOGRAFT_REJECTION",-0.016433806212173,0.0686204000532697,0.98370049209728,0.859908070413232,1.12531407884963,-0.239488638938501,0.810726705001557,4.01493960212667,75.0930250738937,0.0450988386710334,2,-0.016433806212173,0.0686204000532697
"Tier 2_T_NK_cell_Hallmark_HALLMARK_ANGIOGENESIS",0.0351729125678338,0.0497313800900026,1.03579879594553,0.939600407588052,1.14184619016534,0.707257922546664,0.479406209004358,0.00990366957450539,0,0.920727646110361,2,0.0351729125678338,0.0497313800900026
"Tier 2_T_NK_cell_Hallmark_HALLMARK_APOPTOSIS",0.0507277652274849,0.0532213548048957,1.05203645339096,0.947824339113747,1.16770656079407,0.953146822613742,0.340515685328901,0.193464444665864,0,0.66004869726408,2,0.0507277652274849,0.0532213548048957
"Tier 2_T_NK_cell_Hallmark_HALLMARK_CHOLESTEROL_HOMEOSTASIS",0.0440956493226406,0.0518959071159256,1.04508231152318,0.944008292332608,1.15697822437539,0.849694162280261,0.395495144873564,3.85672300193953,74.0712516948429,0.0495470118520685,2,0.0440956493226406,0.0518959071159256
"Tier 2_T_NK_cell_Hallmark_HALLMARK_DNA_REPAIR",0.0276222311897455,0.0514237531773499,1.02800726197881,0.929444368099483,1.13702225431965,0.537149264358089,0.591164513679993,11.8273491023445,91.5450200095829,0.0005836703118981,2,0.0276222311897454,0.0514237531773499
"Tier 2_T_NK_cell_Hallmark_HALLMARK_E2F_TARGETS",0.0408909876673754,0.0514187195547541,1.0417385370075,0.941868413435994,1.15219829437489,0.795254880352125,0.426465253780394,11.0730679368365,90.9690791594142,0.000875906383510482,2,0.0408909876673754,0.0514187195547541
"Tier 2_T_NK_cell_Hallmark_HALLMARK_EPITHELIAL_MESENCHYMAL_TRANSITION",0.0924400269009593,0.0509491600866652,1.09684735825246,0.992607135787238,1.21203453403671,1.81435821010037,0.0696225951367985,0.385201792707812,0,0.534832388633683,2,0.0924400269009592,0.0509491600866652
"Tier 2_T_NK_cell_Hallmark_HALLMARK_ESTROGEN_RESPONSE_LATE",0.0738581563815726,0.0500366238912535,1.07665407815454,0.976077171587579,1.18759462647958,1.47608193034948,0.139921899111575,9.27094659657642,89.2136149250468,0.00232817347311913,2,0.0738581563815726,0.0500366238912535
"Tier 2_T_NK_cell_Hallmark_HALLMARK_FATTY_ACID_METABOLISM",-0.00845291954412188,0.0511397371244564,0.991582705929864,0.897011313587257,1.09612470635082,-0.165290633456922,0.868715230837584,1.5886068734467,37.0517642397983,0.20752528569376,2,-0.00845291954412188,0.0511397371244564
"Tier 2_T_NK_cell_Hallmark_HALLMARK_G2M_CHECKPOINT",0.0488718622358129,0.0519067377687678,1.05008578647395,0.948507726338036,1.16254209463511,0.941532146626618,0.34643222339159,10.952245710512,90.8694524718324,0.000934902369854197,2,0.0488718622358129,0.0519067377687678
"Tier 2_T_NK_cell_Hallmark_HALLMARK_GLYCOLYSIS",0.159465908832469,0.0538419504210173,1.17288427654479,1.0554167219089,1.30342593367089,2.96174093964883,0.00305905047615834,9.2350430564006,89.1716801546808,0.00237426819284133,2,0.159465908832469,0.0538419504210173
"Tier 2_T_NK_cell_Hallmark_HALLMARK_HYPOXIA",0.148867479035708,0.0529903589298479,1.16051918589664,1.04603452891533,1.28753377025779,2.80933139616565,0.00496445150067702,1.99116475613721,49.7781388045474,0.158219147133876,2,0.148867479035708,0.0529903589298479
"Tier 2_T_NK_cell_Hallmark_HALLMARK_IL2_STAT5_SIGNALING",0.0378991426720897,0.0672683310683987,1.03862647450485,0.910331203114469,1.18500272192331,0.563402452092258,0.573160867831444,0.30103002651685,0,0.583237406126654,2,0.0378991426720897,0.0672683310683987
"Tier 2_T_NK_cell_Hallmark_HALLMARK_IL6_JAK_STAT3_SIGNALING",2.68139424582289e-05,0.0524560080062912,1.00002681430196,0.902319181506443,1.10831471813921,0.000511170092375558,0.999592145293111,1.15204305775831,13.1976888133124,0.283121874176783,2,2.68139424582236e-05,0.0524560080062912
"Tier 2_T_NK_cell_Hallmark_HALLMARK_INFLAMMATORY_RESPONSE",0.0519766655190218,0.0536253586059649,1.05335116282392,0.948257643935183,1.17009198852115,0.969255346168265,0.332417802830898,0.867916979384191,0,0.351532622950392,2,0.0519766655190218,0.0536253586059648
"Tier 2_T_NK_cell_Hallmark_HALLMARK_INTERFERON_ALPHA_RESPONSE",0.0664154301606313,0.052274437703389,1.06867058295393,0.964599328261721,1.18397015362758,1.27051448238391,0.203901427440469,0.0597937466983307,0,0.806822229652179,2,0.0664154301606313,0.052274437703389
"Tier 2_T_NK_cell_Hallmark_HALLMARK_INTERFERON_GAMMA_RESPONSE",0.0426712502474752,0.0523972414581458,1.04359475693237,0.941738783258774,1.15646720306885,0.814379708931059,0.415427459181031,0.402219872404667,0,0.525945043539884,2,0.0426712502474752,0.0523972414581458
"Tier 2_T_NK_cell_Hallmark_HALLMARK_MITOTIC_SPINDLE",0.0682947251362864,0.052257087030639,1.07068081853228,0.966446665062832,1.18615693613928,1.30689881539406,0.19124707848781,10.7377296008074,90.6870443084653,0.00104973046281418,2,0.0682947251362865,0.052257087030639
"Tier 2_T_NK_cell_Hallmark_HALLMARK_MTORC1_SIGNALING",0.0619236257688804,0.05081217145927,1.06388108852499,0.963032392872487,1.17529065366651,1.21867702147933,0.2229668027584,11.0838816011633,90.9778899127266,0.00087081326981727,2,0.0619236257688804,0.05081217145927
"Tier 2_T_NK_cell_Hallmark_HALLMARK_MYC_TARGETS_V1",0.0430825596968902,0.0515197075005924,1.04402408560468,0.943748028899617,1.15495477388554,0.836234555415417,0.4030229621069,13.0057080221444,92.311068353239,0.000310542901818017,2,0.0430825596968902,0.0515197075005924
"Tier 2_T_NK_cell_Hallmark_HALLMARK_MYC_TARGETS_V2",0.049505072977044,0.0517549427303736,1.05075092263661,0.949390940954276,1.1629324167681,0.956528408019874,0.338805339098274,9.09722554453474,89.0076376022054,0.00255997521528458,2,0.0495050729770441,0.0517549427303736
"Tier 2_T_NK_cell_Hallmark_HALLMARK_OXIDATIVE_PHOSPHORYLATION",0.0102016609006705,0.0509850581372359,1.01025387524988,0.914178845689833,1.11642584738138,0.20009118893639,0.841409264237532,4.60399874597826,78.2797508171884,0.0318974745340277,2,0.0102016609006705,0.0509850581372359
"Tier 2_T_NK_cell_Hallmark_HALLMARK_PEROXISOME",-0.0531806723919136,0.0508448552089523,0.948208681874821,0.858269961447429,1.04757214486046,-1.04594008918625,0.295588693819434,3.30773478803913,69.767830129065,0.0689544798869422,2,-0.0531806723919135,0.0508448552089523
"Tier 2_T_NK_cell_Hallmark_HALLMARK_REACTIVE_OXYGEN_SPECIES_PATHWAY",0.112373481759582,0.0512654775102462,1.11893068281598,1.0119641505089,1.23720378070449,2.19199132080888,0.0283801333339424,2.26458992128838,55.8418947907762,0.132361244427349,2,0.112373481759582,0.0512654775102462
"Tier 2_T_NK_cell_Hallmark_HALLMARK_SPERMATOGENESIS",0.0200746267390998,0.0514079285366137,1.02027747716689,0.922484308292955,1.1284377642589,0.39049670567454,0.696169290838366,8.38449845445345,88.0732281670486,0.00378434622583716,2,0.0200746267390998,0.0514079285366137
"Tier 2_T_NK_cell_Hallmark_HALLMARK_UV_RESPONSE_DN",-0.0116246226617689,0.0507852162420644,0.988442682213874,0.894792307321096,1.09189465312597,-0.228897768326139,0.81894837514426,4.34349622578184,76.9770722013233,0.037150561180217,2,-0.0116246226617689,0.0507852162420644
"Tier 2_T_NK_cell_Hallmark_HALLMARK_UV_RESPONSE_UP",0.0456895326743301,0.050698806000478,1.0467493790233,0.947735212845117,1.15610800109072,0.901195437894519,0.367484416169841,12.0382834818678,91.6931678714311,0.000521189443069216,2,0.04568953267433,0.050698806000478
"Tier 2_T_NK_cell_Hallmark_HALLMARK_XENOBIOTIC_METABOLISM",0.087671883824643,0.0509491102713778,1.09162988183748,0.987885605042973,1.20626901823179,1.72077359855085,0.0852919150384678,0.893634480890027,0,0.344494294840368,2,0.087671883824643,0.0509491102713778
