program_id,gene,final_tier,pathway,multiomics_support,clinical_support
Tier 2_All_immune_Hallmark_HALLMARK_APICAL_JUNCTION,LAYN,Tier_B,HALLMARK_HALLMARK_APICAL_JUNCTION,3,FALSE
Tier 2_All_immune_Hallmark_HALLMARK_APICAL_JUNCTION,ACTG2,Tier_B,HALLMARK_HALLMARK_APICAL_JUNCTION,3,FALSE
Tier 2_All_immune_Hallmark_HALLMARK_APICAL_JUNCTION,CDH1,Tier_B,HALLMARK_HALLMARK_APICAL_JUNCTION,3,FALSE
Tier 2_All_immune_Hallmark_HALLMARK_APICAL_JUNCTION,CD274,Tier_B,HALLMARK_HALLMARK_APICAL_JUNCTION,3,FALSE
Tier 2_All_immune_Hallmark_HALLMARK_APICAL_JUNCTION,LIMA1,Tier_B,HALLMARK_HALLMARK_APICAL_JUNCTION,3,FALSE
Tier 2_All_immune_Hallmark_HALLMARK_APICAL_JUNCTION,CLDN4,Tier_B,HALLMARK_HALLMARK_APICAL_JUNCTION,3,FALSE
Tier 2_All_immune_Hallmark_HALLMARK_APICAL_JUNCTION,TUBG1,Tier_B,HALLMARK_HALLMARK_APICAL_JUNCTION,3,FALSE
Tier 2_All_immune_Hallmark_HALLMARK_APICAL_JUNCTION,MAPK11,Tier_B,HALLMARK_HALLMARK_APICAL_JUNCTION,3,FALSE
Tier 2_All_immune_Hallmark_HALLMARK_APICAL_JUNCTION,FSCN1,Tier_B,HALLMARK_HALLMARK_APICAL_JUNCTION,3,FALSE
Tier 2_All_immune_Hallmark_HALLMARK_APICAL_JUNCTION,ITGB4,Tier_B,HALLMARK_HALLMARK_APICAL_JUNCTION,3,FALSE
Tier 2_All_immune_Hallmark_HALLMARK_APICAL_JUNCTION,ITGA2,Tier_B,HALLMARK_HALLMARK_APICAL_JUNCTION,3,FALSE
Tier 2_All_immune_Hallmark_HALLMARK_APICAL_JUNCTION,NECTIN4,Tier_B,HALLMARK_HALLMARK_APICAL_JUNCTION,3,FALSE
Tier 2_All_immune_Hallmark_HALLMARK_APICAL_JUNCTION,PFN1,Tier_B,HALLMARK_HALLMARK_APICAL_JUNCTION,3,FALSE
Tier 2_All_immune_Hallmark_HALLMARK_APICAL_JUNCTION,MDK,Tier_B,HALLMARK_HALLMARK_APICAL_JUNCTION,3,FALSE
Tier 2_All_immune_Hallmark_HALLMARK_APICAL_JUNCTION,YWHAH,Tier_B,HALLMARK_HALLMARK_APICAL_JUNCTION,3,FALSE
Tier 2_All_immune_Hallmark_HALLMARK_APICAL_JUNCTION,VCAM1,Tier_B,HALLMARK_HALLMARK_APICAL_JUNCTION,3,FALSE
Tier 2_All_immune_Hallmark_HALLMARK_APICAL_JUNCTION,ACTB,Tier_B,HALLMARK_HALLMARK_APICAL_JUNCTION,3,FALSE
Tier 2_All_immune_Hallmark_HALLMARK_APICAL_JUNCTION,NECTIN2,Tier_B,HALLMARK_HALLMARK_APICAL_JUNCTION,3,FALSE
Tier 2_All_immune_Hallmark_HALLMARK_APICAL_JUNCTION,TNFRSF11B,Tier_B,HALLMARK_HALLMARK_APICAL_JUNCTION,3,FALSE
Tier 2_All_immune_Hallmark_HALLMARK_APICAL_JUNCTION,CTNND1,Tier_B,HALLMARK_HALLMARK_APICAL_JUNCTION,3,FALSE
Tier 2_All_immune_Hallmark_HALLMARK_APICAL_JUNCTION,HRAS,Tier_B,HALLMARK_HALLMARK_APICAL_JUNCTION,3,FALSE
Tier 2_All_immune_Hallmark_HALLMARK_APICAL_JUNCTION,TRAF1,Tier_B,HALLMARK_HALLMARK_APICAL_JUNCTION,3,FALSE
Tier 2_All_immune_Hallmark_HALLMARK_APICAL_JUNCTION,ICAM1,Tier_B,HALLMARK_HALLMARK_APICAL_JUNCTION,3,FALSE
Tier 2_All_immune_Hallmark_HALLMARK_APICAL_JUNCTION,CD209,Tier_B,HALLMARK_HALLMARK_APICAL_JUNCTION,3,FALSE
Tier 2_All_immune_Hallmark_HALLMARK_APICAL_JUNCTION,ADAM9,Tier_B,HALLMARK_HALLMARK_APICAL_JUNCTION,3,FALSE
Tier 2_All_immune_Hallmark_HALLMARK_APICAL_JUNCTION,GNAI1,Tier_B,HALLMARK_HALLMARK_APICAL_JUNCTION,3,FALSE
Tier 2_All_immune_Hallmark_HALLMARK_APICAL_JUNCTION,CTNNA1,Tier_B,HALLMARK_HALLMARK_APICAL_JUNCTION,3,FALSE
Tier 2_All_immune_Hallmark_HALLMARK_APICAL_JUNCTION,THY1,Tier_B,HALLMARK_HALLMARK_APICAL_JUNCTION,3,FALSE
Tier 2_All_immune_Hallmark_HALLMARK_APICAL_JUNCTION,SDC3,Tier_B,HALLMARK_HALLMARK_APICAL_JUNCTION,3,FALSE
Tier 2_All_immune_Hallmark_HALLMARK_APICAL_JUNCTION,CRAT,Tier_B,HALLMARK_HALLMARK_APICAL_JUNCTION,3,FALSE
Tier 2_All_immune_Hallmark_HALLMARK_APICAL_JUNCTION,NF2,Tier_B,HALLMARK_HALLMARK_APICAL_JUNCTION,3,FALSE
Tier 2_All_immune_Hallmark_HALLMARK_APICAL_JUNCTION,ACTN4,Tier_B,HALLMARK_HALLMARK_APICAL_JUNCTION,3,FALSE
Tier 2_All_immune_Hallmark_HALLMARK_APICAL_JUNCTION,TGFBI,Tier_B,HALLMARK_HALLMARK_APICAL_JUNCTION,3,FALSE
Tier 2_All_immune_Hallmark_HALLMARK_APICAL_JUNCTION,TJP1,Tier_B,HALLMARK_HALLMARK_APICAL_JUNCTION,3,FALSE
Tier 2_All_immune_Hallmark_HALLMARK_APICAL_JUNCTION,MYL12B,Tier_B,HALLMARK_HALLMARK_APICAL_JUNCTION,3,FALSE
Tier 2_All_immune_Hallmark_HALLMARK_APICAL_JUNCTION,MYH10,Tier_B,HALLMARK_HALLMARK_APICAL_JUNCTION,3,FALSE
Tier 2_All_immune_Hallmark_HALLMARK_APICAL_JUNCTION,CLDN14,Tier_B,HALLMARK_HALLMARK_APICAL_JUNCTION,3,FALSE
Tier 2_All_immune_Hallmark_HALLMARK_APICAL_JUNCTION,ACTG1,Tier_B,HALLMARK_HALLMARK_APICAL_JUNCTION,3,FALSE
Tier 2_All_immune_Hallmark_HALLMARK_APICAL_JUNCTION,BMP1,Tier_B,HALLMARK_HALLMARK_APICAL_JUNCTION,3,FALSE
Tier 2_All_immune_Hallmark_HALLMARK_APICAL_JUNCTION,MYL9,Tier_B,HALLMARK_HALLMARK_APICAL_JUNCTION,3,FALSE
Tier 2_All_immune_Hallmark_HALLMARK_APICAL_JUNCTION,CD276,Tier_B,HALLMARK_HALLMARK_APICAL_JUNCTION,3,FALSE
Tier 2_All_immune_Hallmark_HALLMARK_APICAL_JUNCTION,MPZL2,Tier_B,HALLMARK_HALLMARK_APICAL_JUNCTION,3,FALSE
Tier 2_All_immune_Hallmark_HALLMARK_APICAL_JUNCTION,PARD6G,Tier_B,HALLMARK_HALLMARK_APICAL_JUNCTION,3,FALSE
Tier 2_All_immune_Hallmark_HALLMARK_APICAL_JUNCTION,ITGA3,Tier_B,HALLMARK_HALLMARK_APICAL_JUNCTION,3,FALSE
Tier 2_All_immune_Hallmark_HALLMARK_APICAL_JUNCTION,LAMB3,Tier_B,HALLMARK_HALLMARK_APICAL_JUNCTION,3,FALSE
Tier 2_All_immune_Hallmark_HALLMARK_APICAL_JUNCTION,ARPC2,Tier_B,HALLMARK_HALLMARK_APICAL_JUNCTION,3,FALSE
Tier 2_All_immune_Hallmark_HALLMARK_APICAL_JUNCTION,GAMT,Tier_B,HALLMARK_HALLMARK_APICAL_JUNCTION,3,FALSE
Tier 2_All_immune_Hallmark_HALLMARK_APICAL_JUNCTION,JUP,Tier_B,HALLMARK_HALLMARK_APICAL_JUNCTION,3,FALSE
Tier 2_All_immune_Hallmark_HALLMARK_APICAL_JUNCTION,NF1,Tier_B,HALLMARK_HALLMARK_APICAL_JUNCTION,3,FALSE
Tier 2_All_immune_Hallmark_HALLMARK_APICAL_JUNCTION,RSU1,Tier_B,HALLMARK_HALLMARK_APICAL_JUNCTION,3,FALSE
Tier 2_All_immune_Hallmark_HALLMARK_APICAL_JUNCTION,HADH,Tier_B,HALLMARK_HALLMARK_APICAL_JUNCTION,3,FALSE
Tier 2_All_immune_Hallmark_HALLMARK_APICAL_JUNCTION,RAC2,Tier_B,HALLMARK_HALLMARK_APICAL_JUNCTION,3,FALSE
Tier 2_All_immune_Hallmark_HALLMARK_APICAL_JUNCTION,SIRPA,Tier_B,HALLMARK_HALLMARK_APICAL_JUNCTION,3,FALSE
Tier 2_All_immune_Hallmark_HALLMARK_APICAL_JUNCTION,PLCG1,Tier_B,HALLMARK_HALLMARK_APICAL_JUNCTION,3,FALSE
Tier 2_All_immune_Hallmark_HALLMARK_APICAL_JUNCTION,ACTN1,Tier_B,HALLMARK_HALLMARK_APICAL_JUNCTION,3,FALSE
Tier 2_All_immune_Hallmark_HALLMARK_APOPTOSIS,TOP2A,Tier_B,HALLMARK_HALLMARK_APOPTOSIS,3,FALSE
Tier 2_All_immune_Hallmark_HALLMARK_APOPTOSIS,HSPB1,Tier_B,HALLMARK_HALLMARK_APOPTOSIS,3,FALSE
Tier 2_All_immune_Hallmark_HALLMARK_APOPTOSIS,BRCA1,Tier_B,HALLMARK_HALLMARK_APOPTOSIS,3,FALSE
Tier 2_All_immune_Hallmark_HALLMARK_APOPTOSIS,CDK2,Tier_B,HALLMARK_HALLMARK_APOPTOSIS,3,FALSE
Tier 2_All_immune_Hallmark_HALLMARK_APOPTOSIS,TNFSF10,Tier_B,HALLMARK_HALLMARK_APOPTOSIS,3,FALSE
Tier 2_All_immune_Hallmark_HALLMARK_APOPTOSIS,KRT18,Tier_B,HALLMARK_HALLMARK_APOPTOSIS,3,FALSE
Tier 2_All_immune_Hallmark_HALLMARK_APOPTOSIS,TAP1,Tier_B,HALLMARK_HALLMARK_APOPTOSIS,3,FALSE
Tier 2_All_immune_Hallmark_HALLMARK_APOPTOSIS,HMGB2,Tier_B,HALLMARK_HALLMARK_APOPTOSIS,3,FALSE
Tier 2_All_immune_Hallmark_HALLMARK_APOPTOSIS,CCND2,Tier_B,HALLMARK_HALLMARK_APOPTOSIS,3,FALSE
Tier 2_All_immune_Hallmark_HALLMARK_APOPTOSIS,SOD1,Tier_B,HALLMARK_HALLMARK_APOPTOSIS,3,FALSE
Tier 2_All_immune_Hallmark_HALLMARK_APOPTOSIS,BCL2L1,Tier_B,HALLMARK_HALLMARK_APOPTOSIS,3,FALSE
Tier 2_All_immune_Hallmark_HALLMARK_APOPTOSIS,CD38,Tier_B,HALLMARK_HALLMARK_APOPTOSIS,3,FALSE
Tier 2_All_immune_Hallmark_HALLMARK_APOPTOSIS,GADD45A,Tier_B,HALLMARK_HALLMARK_APOPTOSIS,3,FALSE
Tier 2_All_immune_Hallmark_HALLMARK_APOPTOSIS,CFLAR,Tier_B,HALLMARK_HALLMARK_APOPTOSIS,3,FALSE
Tier 2_All_immune_Hallmark_HALLMARK_APOPTOSIS,CASP1,Tier_B,HALLMARK_HALLMARK_APOPTOSIS,3,FALSE
Tier 2_All_immune_Hallmark_HALLMARK_APOPTOSIS,FAS,Tier_B,HALLMARK_HALLMARK_APOPTOSIS,3,FALSE
Tier 2_All_immune_Hallmark_HALLMARK_APOPTOSIS,FDXR,Tier_B,HALLMARK_HALLMARK_APOPTOSIS,3,FALSE
Tier 2_All_immune_Hallmark_HALLMARK_APOPTOSIS,ATF3,Tier_B,HALLMARK_HALLMARK_APOPTOSIS,3,FALSE
Tier 2_All_immune_Hallmark_HALLMARK_APOPTOSIS,BTG3,Tier_B,HALLMARK_HALLMARK_APOPTOSIS,3,FALSE
Tier 2_All_immune_Hallmark_HALLMARK_APOPTOSIS,CASP2,Tier_B,HALLMARK_HALLMARK_APOPTOSIS,3,FALSE
Tier 2_All_immune_Hallmark_HALLMARK_APOPTOSIS,NEFH,Tier_B,HALLMARK_HALLMARK_APOPTOSIS,3,FALSE
Tier 2_All_immune_Hallmark_HALLMARK_APOPTOSIS,CD2,Tier_B,HALLMARK_HALLMARK_APOPTOSIS,3,FALSE
Tier 2_All_immune_Hallmark_HALLMARK_APOPTOSIS,GNA15,Tier_B,HALLMARK_HALLMARK_APOPTOSIS,3,FALSE
Tier 2_All_immune_Hallmark_HALLMARK_APOPTOSIS,CASP7,Tier_B,HALLMARK_HALLMARK_APOPTOSIS,3,FALSE
Tier 2_All_immune_Hallmark_HALLMARK_APOPTOSIS,CAV1,Tier_B,HALLMARK_HALLMARK_APOPTOSIS,3,FALSE
Tier 2_All_immune_Hallmark_HALLMARK_APOPTOSIS,IFITM3,Tier_B,HALLMARK_HALLMARK_APOPTOSIS,3,FALSE
Tier 2_All_immune_Hallmark_HALLMARK_APOPTOSIS,ERBB3,Tier_B,HALLMARK_HALLMARK_APOPTOSIS,3,FALSE
Tier 2_All_immune_Hallmark_HALLMARK_APOPTOSIS,PEA15,Tier_B,HALLMARK_HALLMARK_APOPTOSIS,3,FALSE
Tier 2_All_immune_Hallmark_HALLMARK_APOPTOSIS,NEDD9,Tier_B,HALLMARK_HALLMARK_APOPTOSIS,3,FALSE
Tier 2_All_immune_Hallmark_HALLMARK_APOPTOSIS,DFFA,Tier_B,HALLMARK_HALLMARK_APOPTOSIS,3,FALSE
Tier 2_All_immune_Hallmark_HALLMARK_APOPTOSIS,PAK1,Tier_B,HALLMARK_HALLMARK_APOPTOSIS,3,FALSE
Tier 2_All_immune_Hallmark_HALLMARK_APOPTOSIS,PLAT,Tier_B,HALLMARK_HALLMARK_APOPTOSIS,3,FALSE
Tier 2_All_immune_Hallmark_HALLMARK_APOPTOSIS,CD14,Tier_B,HALLMARK_HALLMARK_APOPTOSIS,3,FALSE
Tier 2_All_immune_Hallmark_HALLMARK_APOPTOSIS,IER3,Tier_B,HALLMARK_HALLMARK_APOPTOSIS,3,FALSE
Tier 2_All_immune_Hallmark_HALLMARK_APOPTOSIS,BIRC3,Tier_B,HALLMARK_HALLMARK_APOPTOSIS,3,FALSE
Tier 2_All_immune_Hallmark_HALLMARK_APOPTOSIS,IL1A,Tier_B,HALLMARK_HALLMARK_APOPTOSIS,3,FALSE
Tier 2_All_immune_Hallmark_HALLMARK_APOPTOSIS,CASP4,Tier_B,HALLMARK_HALLMARK_APOPTOSIS,3,FALSE
Tier 2_All_immune_Hallmark_HALLMARK_APOPTOSIS,ISG20,Tier_B,HALLMARK_HALLMARK_APOPTOSIS,3,FALSE
Tier 2_All_immune_Hallmark_HALLMARK_APOPTOSIS,SOD2,Tier_B,HALLMARK_HALLMARK_APOPTOSIS,3,FALSE
Tier 2_All_immune_Hallmark_HALLMARK_APOPTOSIS,CCND1,Tier_B,HALLMARK_HALLMARK_APOPTOSIS,3,FALSE
Tier 2_All_immune_Hallmark_HALLMARK_ESTROGEN_RESPONSE_EARLY,SFN,Tier_B,HALLMARK_HALLMARK_ESTROGEN_RESPONSE_EARLY,3,FALSE
Tier 2_All_immune_Hallmark_HALLMARK_ESTROGEN_RESPONSE_EARLY,KRT8,Tier_B,HALLMARK_HALLMARK_ESTROGEN_RESPONSE_EARLY,3,FALSE
Tier 2_All_immune_Hallmark_HALLMARK_ESTROGEN_RESPONSE_EARLY,KRT19,Tier_B,HALLMARK_HALLMARK_ESTROGEN_RESPONSE_EARLY,3,FALSE
Tier 2_All_immune_Hallmark_HALLMARK_ESTROGEN_RESPONSE_EARLY,SLC27A2,Tier_B,HALLMARK_HALLMARK_ESTROGEN_RESPONSE_EARLY,3,FALSE
Tier 2_All_immune_Hallmark_HALLMARK_ESTROGEN_RESPONSE_EARLY,FOXC1,Tier_B,HALLMARK_HALLMARK_ESTROGEN_RESPONSE_EARLY,3,FALSE
Tier 2_All_immune_Hallmark_HALLMARK_ESTROGEN_RESPONSE_EARLY,LAD1,Tier_B,HALLMARK_HALLMARK_ESTROGEN_RESPONSE_EARLY,3,FALSE
Tier 2_All_immune_Hallmark_HALLMARK_ESTROGEN_RESPONSE_EARLY,ELF3,Tier_B,HALLMARK_HALLMARK_ESTROGEN_RESPONSE_EARLY,3,FALSE
Tier 2_All_immune_Hallmark_HALLMARK_ESTROGEN_RESPONSE_EARLY,GJA1,Tier_B,HALLMARK_HALLMARK_ESTROGEN_RESPONSE_EARLY,3,FALSE
Tier 2_All_immune_Hallmark_HALLMARK_ESTROGEN_RESPONSE_EARLY,ARL3,Tier_B,HALLMARK_HALLMARK_ESTROGEN_RESPONSE_EARLY,3,FALSE
Tier 2_All_immune_Hallmark_HALLMARK_ESTROGEN_RESPONSE_EARLY,OLFML3,Tier_B,HALLMARK_HALLMARK_ESTROGEN_RESPONSE_EARLY,3,FALSE
Tier 2_All_immune_Hallmark_HALLMARK_ESTROGEN_RESPONSE_EARLY,TMPRSS3,Tier_B,HALLMARK_HALLMARK_ESTROGEN_RESPONSE_EARLY,3,FALSE
Tier 2_All_immune_Hallmark_HALLMARK_ESTROGEN_RESPONSE_EARLY,INPP5F,Tier_B,HALLMARK_HALLMARK_ESTROGEN_RESPONSE_EARLY,3,FALSE
Tier 2_All_immune_Hallmark_HALLMARK_ESTROGEN_RESPONSE_EARLY,TPD52L1,Tier_B,HALLMARK_HALLMARK_ESTROGEN_RESPONSE_EARLY,3,FALSE
Tier 2_All_immune_Hallmark_HALLMARK_ESTROGEN_RESPONSE_EARLY,FHL2,Tier_B,HALLMARK_HALLMARK_ESTROGEN_RESPONSE_EARLY,3,FALSE
Tier 2_All_immune_Hallmark_HALLMARK_ESTROGEN_RESPONSE_EARLY,FKBP4,Tier_B,HALLMARK_HALLMARK_ESTROGEN_RESPONSE_EARLY,3,FALSE
Tier 2_All_immune_Hallmark_HALLMARK_ESTROGEN_RESPONSE_EARLY,IGFBP4,Tier_B,HALLMARK_HALLMARK_ESTROGEN_RESPONSE_EARLY,3,FALSE
Tier 2_All_immune_Hallmark_HALLMARK_ESTROGEN_RESPONSE_EARLY,TIAM1,Tier_B,HALLMARK_HALLMARK_ESTROGEN_RESPONSE_EARLY,3,FALSE
Tier 2_All_immune_Hallmark_HALLMARK_ESTROGEN_RESPONSE_EARLY,KCNK5,Tier_B,HALLMARK_HALLMARK_ESTROGEN_RESPONSE_EARLY,3,FALSE
Tier 2_All_immune_Hallmark_HALLMARK_ESTROGEN_RESPONSE_EARLY,SLC1A1,Tier_B,HALLMARK_HALLMARK_ESTROGEN_RESPONSE_EARLY,3,FALSE
Tier 2_All_immune_Hallmark_HALLMARK_ESTROGEN_RESPONSE_EARLY,MICB,Tier_B,HALLMARK_HALLMARK_ESTROGEN_RESPONSE_EARLY,3,FALSE
Tier 2_All_immune_Hallmark_HALLMARK_ESTROGEN_RESPONSE_EARLY,MREG,Tier_B,HALLMARK_HALLMARK_ESTROGEN_RESPONSE_EARLY,3,FALSE
Tier 2_All_immune_Hallmark_HALLMARK_ESTROGEN_RESPONSE_EARLY,SLC1A4,Tier_B,HALLMARK_HALLMARK_ESTROGEN_RESPONSE_EARLY,3,FALSE
