"program_id","priority_tier","cell_type","collection","pathway","NES","direction","leading_edge_genes","top_supporting_TFs","n_leading_edge_genes","program_primary_eligible"
"Tier 2_All_immune_Hallmark_HALLMARK_E2F_TARGETS","Tier 2","All_immune","Hallmark","HALLMARK_E2F_TARGETS",-3.51953583325078,"Non_responder","RANBP1; CDKN3; MCM2; UBE2T; GINS1; CDK1; RACGAP1; MELK; MCM4; RAD51AP1; TOP2A; KIF18B; SMC4; TK1; CCNB2; DIAPH3; MKI67; CENPE; KIF4A; CDC25A; CDCA8; ASF1B; DSCC1; CHEK1; PLK4; KIF2C; BUB1B; DLGAP5; SPAG5; HMMR; NME1; PLK1; DEPDC1; CDCA3; CDC20; MAD2L1; ORC6; CKS1B; AK2; AURKB; PTTG1; BIRC5; CDKN2A; SPC24; TUBB; CDKN2C; CIT; PAICS; BRCA1; RFC2; E2F8; ESPL1; MCM7; SPC25; TIMELESS; BARD1; AURKA; HMGB3; RRM2; TCF19; DCTPP1; MTHFD2; HELLS; DNMT1; MCM3; TUBG1; PCNA; STMN1; JPT1; TRIP13; RNASEH2A; LMNB1; EZH2; NCAPD2; POP7; ATAD2; RPA3; CENPM; PSMC3IP; CDK4; HMGB2; GINS3; ANP32E; MCM5; SSRP1; TIPIN; MCM6; TACC3; CHEK2; TMPO; DONSON; NUDT21; RAD51C; POLD2; MMS22L; POLD1; DCLRE1B; SLBP; RAN; POLA2; ZW10; PA2G4; POLE; DUT",NA,104,TRUE
"Tier 2_T_NK_cell_Hallmark_HALLMARK_E2F_TARGETS","Tier 2","T/NK cell","Hallmark","HALLMARK_E2F_TARGETS",-3.37683491829123,"Non_responder","CDKN3; RANBP1; MCM2; UBE2T; SMC4; KIF18B; CCNB2; BARD1; CDK1; CKS1B; MELK; TIMELESS; TOP2A; RACGAP1; NME1; RAD51AP1; MCM4; MCM5; KIF4A; PTTG1; TK1; GINS1; PLK4; CHEK1; RFC2; ESPL1; HMMR; CDCA8; CENPE; DEPDC1; DIAPH3; SPAG5; MKI67; PLK1; HELLS; TUBB; CDC25A; CDCA3; BUB1B; DLGAP5; CDKN2A; MAD2L1; ASF1B; AURKB; KIF2C; MCM7; CIT; ORC6; CENPM; CDKN2C; STMN1; DSCC1; TMPO; MXD3; BRCA1; SPC25; DCTPP1; WEE1; TUBG1; E2F8; TCF19; CDC20; PAICS; MCM3; AK2; BIRC5; SPC24; HMGB3; JPT1; CHEK2; PCNA; RNASEH2A; ATAD2; RPA3; EZH2; TIPIN; BRCA2; CDK4; GINS3; NCAPD2; RRM2; AURKA; MMS22L; PSMC3IP; PRDX4; ANP32E; EED; HMGB2; MYBL2; LMNB1; SSRP1; MTHFD2; MCM6; TRIP13; TACC3; SLBP; POP7; NUDT21; RAD51C; RAN; DUT; POLD1; ZW10; POLD2; POLD3; SNRPB; LIG1; TFRC; DONSON; DNMT1; CKS2; UBR7; DCLRE1B; DEK; RAD21; RFC3; SMC3; SMC1A",NA,118,TRUE
"Tier 2_Myeloid_cell_Hallmark_HALLMARK_INTERFERON_ALPHA_RESPONSE","Tier 2","Myeloid cell","Hallmark","HALLMARK_INTERFERON_ALPHA_RESPONSE",-3.25804827540851,"Non_responder","ISG15; PSME2; EPSTI1; RSAD2; LAP3; IFI44L; CXCL10; IFIH1; USP18; BST2; IFI35; CNP; PARP9; MX1; UBE2L6; TMEM140; GBP4; TAP1; IFIT3; NMI; PSMB8; CXCL11; IFITM3; PSMA3; IFI44; PSMB9; TRAFD1; RTP4; SAMD9L; EIF2AK2; CD47; IRF1; DDX60; TRIM21; PARP14; CMPK2; MOV10; CCRL2; NUB1; GBP2; IFITM1; PLSCR1; PROCR; PSME1; B2M; ADAR; PARP12; IFIT2; IFI27; HERC6; DHX58; ISG20; SP110",NA,53,TRUE
"Tier 2_CD8T_prf_MKI67_Hallmark_HALLMARK_E2F_TARGETS","Tier 2","CD8T_prf_MKI67","Hallmark","HALLMARK_E2F_TARGETS",-3.23982840753002,"Non_responder","CKS1B; CDKN3; CCNB2; CKS2; UBE2T; PTTG1; KIF22; CDK1; JPT1; SPAG5; CDC20; CDCA3; AURKA; PLK1; SMC4; MAD2L1; AURKB; HMGB2; MTHFD2; DLGAP5; TOP2A; POP7; RAD21; HMMR; KPNA2; CDCA8; CENPE; RAD51AP1; MXD3; ORC6; BARD1; HMGB3; EXOSC8; RACGAP1; KIF4A; MELK; BIRC5; RAN; SNRPB; STMN1; SPC25; MKI67; RANBP1; TK1; TUBB; TACC3; NCAPD2; NUP107; BUB1B; NAA38; KIF2C; CDKN2A; UBE2S; TUBG1; TMPO; DIAPH3; ASF1B; RAD51C; DEK; PHF5A; EZH2; RNASEH2A; ANP32E; DDX39A",NA,64,TRUE
"Tier 2_Myeloid_cell_Hallmark_HALLMARK_E2F_TARGETS","Tier 2","Myeloid cell","Hallmark","HALLMARK_E2F_TARGETS",-3.22351606383189,"Non_responder","AK2; CDK1; CDCA8; UBE2T; TUBB; RACGAP1; RAD51AP1; DNMT1; CENPM; TK1; MCM2; SLBP; AURKA; RFC2; KIF2C; CDKN3; ORC6; AURKB; CDCA3; MCM4; NME1; RANBP1; DCTPP1; CDC20; BIRC5; TIMELESS; TOP2A; MTHFD2; ANP32E; CKS2; RPA3; ASF1B; CKS1B; PCNA; MAD2L1; RAN; CCNB2; DLGAP5; HMMR; RNASEH2A; MKI67; KIF4A; LMNB1; TUBG1; PLK1; RRM2; DIAPH3; PTTG1; POP7; CHEK1; NBN; PAICS; SMC4; EZH2; BRCA1; POLD1; MCM3; MCM6; MCM7; BARD1; TCF19; NASP; CDKN2C; CENPE; MCM5; HELLS; SPAG5; CIT; TIPIN; LIG1; CDKN2A; JPT1; XPO1; NCAPD2; RPA1; CDK4; EIF2S1; PRDX4; HMGB2; DCLRE1B; HMGB3; POLA2; UNG; DCK; ATAD2; PPP1R8; SSRP1; PA2G4; KPNA2; CBX5; DUT; SMC3; MYBL2; PRIM2; UBE2S; ZW10; CNOT9; STMN1; DONSON; GINS3; NOLC1; NUDT21; CSE1L; EXOSC8; DEK; SNRPB; RPA2; DDX39A; MSH2; POLE4; SMC1A; TACC3",NA,112,TRUE
"Tier 2_Myeloid_cell_Hallmark_HALLMARK_INTERFERON_GAMMA_RESPONSE","Tier 2","Myeloid cell","Hallmark","HALLMARK_INTERFERON_GAMMA_RESPONSE",-3.21650255366252,"Non_responder","ISG15; PSMB2; PSME2; EPSTI1; RSAD2; LAP3; IFI44L; CXCL10; ITGB7; IFIH1; CD40; USP18; BST2; IFI35; MTHFD2; MX1; UBE2L6; GBP4; STAT1; TAP1; IFIT3; NMI; CXCL9; PSMB8; PML; VAMP8; CXCL11; IFIT1; IDO1; CD274; PSMA2; IFITM3; PSMA3; XAF1; FCGR1A; VAMP5; IFI44; PSMB9; CFB; ICAM1; TRAFD1; RTP4; IL18BP; IL15RA; SAMD9L; EIF2AK2; PFKP; IRF1; DDX60; PSMB10; OAS3; TRIM21; PARP14; CMPK2; LYSMD2; ZBP1; CFH; SOCS1; CMKLR1; PLSCR1; SPPL2A; PSME1; B2M; TNFAIP6; ADAR; LCP2; PARP12; IFIT2; APOL6; SOD2; CCL2; IFI27; OAS2; TNFSF10; STAT4; BPGM; SLAMF7; CD86; HERC6; DHX58; ISG20; SP110; TNFAIP3; CASP7; HLA-G; MVP; STAT2; NOD1; LY6E; CCL5; HLA-A; TAPBP; RNF213; PTPN2; CD38; RIPK2; CCL7; PNPT1; SERPING1; IRF7; CSF2RB; PTPN1; IFI30; ARID5B; IRF9",NA,105,TRUE
"Tier 2_All_immune_Hallmark_HALLMARK_G2M_CHECKPOINT","Tier 2","All_immune","Hallmark","HALLMARK_G2M_CHECKPOINT",-3.2128264544535,"Non_responder","CENPA; TPX2; CDKN3; MCM2; TROAP; CDK1; PRC1; RACGAP1; KIF23; CDC45; NUSAP1; TOP2A; UBE2C; BUB1; POLQ; KIF15; GINS2; TTK; SMC4; CCNB2; UCK2; CENPF; MKI67; CENPE; CCNA2; KIF4A; KNL1; NEK2; CDC6; CDC25A; EXO1; CHEK1; PLK4; KIF2C; HMMR; STIL; PLK1; KIF11; CDC20; MAD2L1; ORC6; RAD54L; CKS1B; AURKB; PTTG1; BIRC5; CDKN2C; ESPL1; NDC80; SMC2; FBXO5; BARD1; AURKA; CCNF; DTYMK; HMGB3; NSD2; MCM3; STMN1; CHAF1A; TRAIP; E2F1; JPT1; LMNB1; E2F2; PBK; EZH2; INCENP; PML; CDK4; SNRPD1; MCM5; MCM6; TACC3; TFDP1; CBX1",NA,76,TRUE
"Tier 2_CD8T_Trm_ZNF683_Hallmark_HALLMARK_INTERFERON_ALPHA_RESPONSE","Tier 2","CD8T_Trm_ZNF683","Hallmark","HALLMARK_INTERFERON_ALPHA_RESPONSE",-3.21161969322619,"Non_responder","EPSTI1; PLSCR1; ISG15; PSME2; MX1; GBP2; PARP9; UBE2L6; IRF7; LY6E; BST2; IFI35; IFI44; LAP3; CASP1; GBP4; CSF1; CD74; EIF2AK2; TMEM140; IFITM2; TRAFD1; PSMB8; SP110; DDX60; UBA7; ADAR; PSMB9; PARP14; IFITM1; TAP1; PARP12; PSME1; IFITM3; ISG20; SAMD9L; STAT2; TRIM21; IFIH1",NA,39,TRUE
"Tier 2_All_immune_Hallmark_HALLMARK_INTERFERON_ALPHA_RESPONSE","Tier 2","All_immune","Hallmark","HALLMARK_INTERFERON_ALPHA_RESPONSE",-3.19022773356411,"Non_responder","USP18; ISG15; EPSTI1; RSAD2; MX1; GBP2; IFI44L; PARP9; PSME2; CNP; TMEM140; IFI35; BST2; GBP4; EIF2AK2; UBE2L6; HERC6; CMPK2; RTP4; PSMB8; LAP3; MOV10; IFI44; OAS1; CXCL10; TAP1; IRF7; TRAFD1; NMI; STAT2; ADAR; PSMB9; SAMD9L; CASP1; LY6E; HELZ2; CXCL11; LAMP3; IFI27; IRF9; CCRL2; PSME1; PARP12; PNPT1; PLSCR1; BATF2; DDX60; TRIM21; CSF1; IFITM3; IFIT3; MVB12A; IFIH1; DHX58; IFITM1",NA,55,TRUE
"Tier 2_CD8T_Trm_ZNF683_Hallmark_HALLMARK_INTERFERON_GAMMA_RESPONSE","Tier 2","CD8T_Trm_ZNF683","Hallmark","HALLMARK_INTERFERON_GAMMA_RESPONSE",-3.17894559821925,"Non_responder","XAF1; EPSTI1; PLSCR1; ISG15; PSME2; MX1; TNFSF10; UBE2L6; IRF7; LY6E; CD38; BST2; IFI35; GZMA; IFI44; LAP3; CASP1; VAMP5; GBP4; MTHFD2; PELI1; CD74; EIF2AK2; HLA-DMA; STAT1; GPR18; CASP4; HLA-DRB1; IFITM2; TRAFD1; PSMB2; PSMB8; OAS2; SP110; DDX60; ADAR; PSMB9; PARP14; UPP1; PSMB10; VAMP8; TAP1; PARP12; CASP3; PSME1; IFITM3; PIM1; ISG20; PTPN6; SAMD9L; ZBP1; RBCK1; CASP7; NAMPT; APOL6; ARID5B; STAT2; IRF4; TRIM21; MX2; IFIH1; PSMA2; MYD88; RNF213; PML; HLA-DQA1",NA,66,TRUE
"Tier 2_T_NK_cell_Hallmark_HALLMARK_G2M_CHECKPOINT","Tier 2","T/NK cell","Hallmark","HALLMARK_G2M_CHECKPOINT",-3.03483712528784,"Non_responder","CDKN3; CENPA; TPX2; MCM2; TROAP; SMC4; CCNB2; BARD1; KIF23; BUB1; CDK1; CKS1B; POLQ; NUSAP1; UBE2C; GINS2; PRC1; TOP2A; RACGAP1; KNL1; MCM5; CDC45; KIF4A; TTK; PTTG1; CENPF; FBXO5; NEK2; PLK4; CHEK1; ESPL1; HMMR; CENPE; MKI67; PLK1; KIF15; CDC25A; CDC6; NDC80; MAD2L1; AURKB; KIF2C; KIF11; UCK2; ORC6; CDKN2C; STMN1; STIL; CCNA2; SMC2; RAD54L; TMPO; E2F1; TRAIP; NSD2; EXO1; CDC20; MCM3; BIRC5; E2F2; HMGB3; JPT1; PBK; DTYMK; EZH2; CCNF; CHAF1A; BRCA2; CDK4; AURKA; MYBL2; INCENP; LMNB1; MCM6; TFDP1; SNRPD1",NA,76,TRUE
"Tier 2_CD8T_prf_MKI67_Hallmark_HALLMARK_G2M_CHECKPOINT","Tier 2","CD8T_prf_MKI67","Hallmark","HALLMARK_G2M_CHECKPOINT",-2.93578648847969,"Non_responder","UBE2C; CENPA; TPX2; TROAP; CKS1B; CDKN3; CCNB2; CKS2; PTTG1; KIF22; CDK1; JPT1; KIF23; CDC20; AURKA; DTYMK; PRC1; PLK1; SMC4; MAD2L1; AURKB; TOP2A; RAD21; NDC80; CENPF; HMMR; KIF20B; KPNA2; CENPE; FBXO5; ORC6; BARD1; HMGB3; RACGAP1; KIF4A; NUSAP1; INCENP; BIRC5; STMN1; MKI67; KIF15; BUB1; TACC3; STIL; HMGN2; KIF5B; KIF2C; KNL1; CCNA2; UBE2S; TMPO; SMC2; KIF11; SNRPD1; ODF2; EZH2; BUB3; DBF4; DDX39A; SAP30",NA,60,TRUE
"Tier 2_T_NK_cell_Hallmark_HALLMARK_INTERFERON_ALPHA_RESPONSE","Tier 2","T/NK cell","Hallmark","HALLMARK_INTERFERON_ALPHA_RESPONSE",-2.93089977052861,"Non_responder","OAS1; IFI27; MX1; RSAD2; GBP2; USP18; PLSCR1; CMPK2; IFI44L; EPSTI1; CSF1; PARP9; TMEM140; ISG15; IL7; CCRL2; HERC6; BST2; EIF2AK2; IFI35; CNP; PSME2; GBP4; STAT2; CXCL10; UBE2L6; CASP1; IRF7; LY6E; PSMB8; LAP3; RTP4; HELZ2; TRIM25; PNPT1; PARP12; TRAFD1; MOV10; CD74; IFI44; IRF9; TAP1; PARP14; LGALS3BP; ADAR; NMI; SP110; PSMB9; SAMD9L; IL4R; IFI30; ISG20; MVB12A; TRIM21; IFIH1; LAMP3; DHX58",NA,57,TRUE
"Tier 2_All_immune_Hallmark_HALLMARK_INTERFERON_GAMMA_RESPONSE","Tier 2","All_immune","Hallmark","HALLMARK_INTERFERON_GAMMA_RESPONSE",-2.90733269113056,"Non_responder","USP18; ISG15; EPSTI1; RSAD2; MX1; CD274; IFI44L; PSME2; OAS3; IFI35; PSMB2; BST2; GBP4; EIF2AK2; UBE2L6; HERC6; MTHFD2; STAT1; TNFSF10; C1R; CMPK2; XAF1; RTP4; PSMB8; ISOC1; LAP3; IFI44; CXCL10; TAP1; PML; IRF7; IL15RA; IFIT1; VAMP5; OAS2; TRAFD1; PFKP; NMI; STAT2; IDO1; CD38; PSMA2; CFB; ADAR; PSMB9; SAMD9L; CASP1; LY6E; LCP2; HELZ2; FAS; CXCL11; MVP; CXCL9; IFI27; IRF9; PSME1; VCAM1; PSMB10; IL2RB; RNF213; PARP12; PNPT1; PLSCR1; BATF2; DDX60; STAT3; TRIM21; GZMA; ICAM1; APOL6; CASP7; VAMP8; IFITM3; TNFAIP6; IFIT3; IFNAR2; RBCK1; IFIH1; DHX58; ZBP1; PSMA3; IRF4; CASP4; ISG20; SOD2; HLA-A; CCL2; HLA-G; FCGR1A; NUP93",NA,91,TRUE
"Tier 2_cDC2_CD1C_Hallmark_HALLMARK_INTERFERON_ALPHA_RESPONSE","Tier 2","cDC2_CD1C","Hallmark","HALLMARK_INTERFERON_ALPHA_RESPONSE",-2.89275505215729,"Non_responder","CXCL10; IFITM3; PSME2; TAP1; CSF1; IFITM1; ISG15; PROCR; IFI35; PSMB8; LAP3; LY6E; NMI; PSMB9; TRAFD1; BST2; EPSTI1; MX1; PARP9; LGALS3BP; PSMA3; IFI44L; CNP; TMEM140; UBE2L6; PARP14; TRIM21; SAMD9L; GBP2; GBP4; ADAR; PARP12; IFIT2; IFIH1; IRF7; NUB1; PSME1; MVB12A; DDX60; IRF1; B2M; STAT2; CASP1; TENT5A; PNPT1; IFITM2; EIF2AK2",NA,47,TRUE
"Tier 2_T_NK_cell_Hallmark_HALLMARK_OXIDATIVE_PHOSPHORYLATION","Tier 2","T/NK cell","Hallmark","HALLMARK_OXIDATIVE_PHOSPHORYLATION",-2.75350931499737,"Non_responder","COX5A; PRDX3; TIMM8B; TIMM13; NDUFS6; ATP5MF; ATP5MC3; NDUFB3; NDUFB4; NDUFAB1; GOT2; COX8A; HADHB; VDAC1; ATP5PD; ATP5F1C; TIMM10; HSD17B10; ATP5MC1; TIMM50; UQCRQ; MDH1; NDUFB5; HTRA2; ECI1; MRPL15; MRPL35; MRPS12; MRPS15; NDUFS8; BDH2; COX5B; UQCR10; COX17; UQCRC1; COX6A1; NDUFB6; NDUFA8; MRPL11; NDUFA2; ETFB; POLR2F; ATP5PF; CYC1; NDUFA6; CASP7; NDUFS4; ECHS1; MTX2; MRPS11; NDUFS7; PDHB; COX7A2; IDH1; GPI; ATP5F1D; UQCRH; COX10; NDUFS3; MRPL34; COX6B1; ACAT1; ATP6V1F; COX7B; HCCS; SLC25A12; NDUFB2; NDUFA7; NDUFC1; NDUFA4; NDUFV2; ETFA; MDH2; ATP5F1A; ATP6V1D; AIFM1; COX6C; SLC25A11; IDH3A; ATP6V0E1; ATP5MC2; IDH2; IMMT; ACADVL; ATP1B1; SLC25A5; FH; ATP5PB; BAX; SDHC; ACAA1; NDUFB7; ALAS1; ATP5MG; SUCLG1; OGDH; ECH1; ATP6V0B; SDHD; HADHA; DECR1; ATP5F1B; CYB5A; IDH3G; LDHA; ACADM; LDHB; FDX1; ATP5F1E",NA,109,TRUE
"Tier 2_All_immune_Hallmark_HALLMARK_OXIDATIVE_PHOSPHORYLATION","Tier 2","All_immune","Hallmark","HALLMARK_OXIDATIVE_PHOSPHORYLATION",-2.75322882360515,"Non_responder","NDUFS6; COX5A; NDUFAB1; NDUFB3; TIMM8B; TIMM13; NDUFS8; PRDX3; MRPS12; TIMM50; ATP5MF; IDH2; GOT2; BDH2; NDUFA8; COX8A; TIMM10; HSD17B10; UQCRQ; ATP5MC3; NDUFB4; NDUFB6; ATP5MC1; UQCR10; ATP5PF; ATP5PD; VDAC1; ATP5F1C; POLR2F; MRPL35; GPI; NDUFV2; COX6A1; COX7A2; MRPS15; ETFB; NDUFA6; MRPS11; NDUFA2; NDUFS7; CYC1; ECHS1; MRPL34; COX5B; ECI1; NDUFB2; MDH2; NDUFS3; PDHB; MRPL11; AIFM1; UQCRC1; COX7B; COX6C; ATP5F1D; MRPL15; ETFA; NDUFC1; ACAT1; LDHA; COX6B1; NDUFB7; CASP7; ATP6V1D; MTX2; SDHC; MDH1; SLC25A11; NDUFA4; IMMT; NDUFS4; NDUFB5; IDH1; ATP6V1C1; NDUFA7; ATP6V0E1; ATP5PB; NDUFC2; SUCLG1; NDUFS2; ATP5F1A; COX10; HTRA2; ACADVL; SLC25A12; SDHD; COX17; FH; TIMM17A; SLC25A5; UQCR11; IDH3G; NDUFA1; BAX; PDHA1; NDUFA9; FDX1; IDH3A; ECH1; SDHB; ATP5F1B; LDHB; NDUFB8; UQCRH; HADHB; VDAC3; UQCRC2; ATP5MG",NA,108,TRUE
"Tier 2_T_NK_cell_Hallmark_HALLMARK_INTERFERON_GAMMA_RESPONSE","Tier 2","T/NK cell","Hallmark","HALLMARK_INTERFERON_GAMMA_RESPONSE",-2.62286258127497,"Non_responder","OAS3; CD274; IFI27; MX1; RSAD2; TNFSF10; CSF2RB; USP18; PLSCR1; CMPK2; IFI44L; EPSTI1; IRF5; ISG15; IL7; HERC6; BST2; EIF2AK2; IFI35; PSME2; PSMB2; CD86; GBP4; STAT2; CXCL10; ISOC1; UBE2L6; CASP1; IRF7; XAF1; LY6E; PSMB8; STAT1; LAP3; IRF4; C1R; RTP4; CD38; MTHFD2; HELZ2; VAMP5; TRIM25; OAS2; HLA-DMA; PNPT1; PARP12; PML; PSMA2; TRAFD1; PELI1; NAMPT; CD74; IFI44; CASP7; ARID5B; IL15RA; IRF9; TAP1; PARP14; FAS; LGALS3BP; VAMP8; ADAR; NMI; SP110; PSMB9; SAMD9L; IL4R; IL2RB; VCAM1; MVP; PFKP; IFI30; IFIT1; ISG20; SECTM1; HLA-DRB1; STAT3; RBCK1; RNF213; TRIM21; IFIH1; CASP4; MX2; DHX58; HLA-DQA1; GZMA; PSMB10; PSME1; CIITA; NCOA3; DDX60; IFNAR2",NA,93,TRUE
"Tier 2_Myeloid_cell_Hallmark_HALLMARK_G2M_CHECKPOINT","Tier 2","Myeloid cell","Hallmark","HALLMARK_G2M_CHECKPOINT",-2.61330098313705,"Non_responder","CDK1; RACGAP1; CCNA2; GINS2; BUB1; TPX2; UBE2C; PRC1; MCM2; NDC80; AURKA; KIF2C; CDKN3; ORC6; AURKB; CDC20; BIRC5; TOP2A; NUSAP1; STIL; CKS2; DTYMK; TROAP; CKS1B; MAD2L1; CCNB2; HMMR; KNL1; PML; MKI67; ATF5; KIF4A; LMNB1; PLK1; KIF11; FBXO5; PTTG1; CHEK1; CENPF; UCK2; SMC4; SNRPD1; EZH2; MCM3; MCM6; KIF23; BARD1; CBX1; INCENP; SMC2; CHAF1A; NASP; CDKN2C; CENPE; MCM5; HSPA8; JPT1; XPO1; CUL1; RBL1; CCND1; CDK4; BUB3; HMGN2; MARCKS; PRMT5; HMGB3; POLA2",NA,68,TRUE
"Tier 2_Myeloid_cell_Hallmark_HALLMARK_MYC_TARGETS_V1","Tier 2","Myeloid cell","Hallmark","HALLMARK_MYC_TARGETS_V1",-2.56730960288135,"Non_responder","SNRPG; HPRT1; PSMB2; CCNA2; PSMB3; MCM2; SNRPD3; MCM4; NME1; RANBP1; CDC20; TYMS; UBE2L3; PSMC4; PCNA; MAD2L1; RAN; SSB; NDUFAB1; RFC4; PSMA4; HSPD1; PSMD8; HSPE1; PSMA2; CCT4; LSM2; COX5A; SNRPD1; PSMA6; ERH; CCT3; PSMD1; MCM6; RUVBL2; CDK2; PGK1; PSMA1; MCM7; PTGES3; LDHA; CCT7; PRDX3; PPIA; CANX; VDAC1; SRM; HSP90AB1; NHP2; MCM5; SSBP1; PSMC6; GNL3; PPM1G; SF3B3; XPO1; EXOSC7; PRPF31; CUL1; AIMP2; LSM7; C1QBP; RRM1; CSTF2; VBP1; CDK4; PSMD14; PSMD7; TCP1; EIF2S1; BUB3; HDGF; PSMA7; PRDX4; SNRPA; GOT2; RRP9; CYC1; SNRPD2; YWHAE; PA2G4; KPNA2; CCT5; NOP16; UBE2E1; EIF2S2; DUT; PSMD3; HNRNPU",NA,89,TRUE
"Tier 2_Myeloid_cell_Hallmark_HALLMARK_MTORC1_SIGNALING","Tier 2","Myeloid cell","Hallmark","HALLMARK_MTORC1_SIGNALING",-2.53449684680687,"Non_responder","SERPINH1; CALR; TPI1; HPRT1; PPA1; BUB1; SDF2L1; MCM2; AURKA; HSP90B1; MCM4; PDAP1; MTHFD2; ENO1; PSMC4; FKBP2; PSMA4; CACYBP; PSMC2; CYB5B; PRDX1; TUBG1; P4HA1; HSPD1; DHFR; PLK1; RRM2; HSPE1; CTSC; PSMA3; STIP1; HSPA4; PGK1; ACTR3; AK4; LDHA; PPIA; CANX; GLA; SLC1A4; PSMC6; GPI; PSMB5; GAPDH; NUFIP1; CCT6A; ATP6V1D; RPA1; IDH1; SSR1; SLC37A4; YKT6; PFKL; ATP5MC1; PSMD13; ATP2A2; EEF1E1; HMBS; PSMD14; ELOVL5; M6PR; TM7SF2; UNG; RRP9",NA,64,TRUE
"Tier 2_cDC2_CD1C_Hallmark_HALLMARK_INTERFERON_GAMMA_RESPONSE","Tier 2","cDC2_CD1C","Hallmark","HALLMARK_INTERFERON_GAMMA_RESPONSE",-2.53319223785394,"Non_responder","CXCL10; PSMB2; IFITM3; PSME2; TNFSF10; TAP1; ISG15; PSMA2; IFI35; PSMB8; LAP3; LY6E; VAMP8; NMI; PSMB9; CXCL9; TRAFD1; BST2; EPSTI1; MX1; SOCS1; PTPN6; LGALS3BP; FCGR1A; PSMA3; PFKP; PSMB10; IFI44L; CD40; UBE2L6; IL18BP; IDO1; ITGB7; SERPING1; VAMP5; PARP14; MTHFD2; TRIM21; STAT1; SAMD9L; MVP; GBP4; ADAR; APOL6; PARP12; IFIT2; CSF2RB; OAS2; IFIH1; OAS3; IRF7; PML; PSME1; SPPL2A; SOD2; DDX60; IRF1; CD38; B2M; STAT2; CASP7; LCP2; CASP1; PNPT1; GCH1; IFITM2; EIF2AK2; XAF1; SRI; RNF213; FPR1; IFI44",NA,72,TRUE
"Tier 2_cDC2_CD1C_Hallmark_HALLMARK_OXIDATIVE_PHOSPHORYLATION","Tier 2","cDC2_CD1C","Hallmark","HALLMARK_OXIDATIVE_PHOSPHORYLATION",-2.51992724378526,"Non_responder","NDUFB3; IDH2; NDUFAB1; IDH1; ATP6V1D; UQCR10; SDHB; TIMM8B; COX6C; ATP6V0E1; ATP5MC3; COX7A2; MDH1; COX8A; PRDX3; ATP5PF; UQCRQ; ATP5PD; TIMM10; NDUFB2; COX6A1; ATP5F1C; NDUFS3; GPI; ALAS1; ATP5MF; NDUFS6; MRPS12; ECHS1; ATP6V1F; ATP6V1E1; COX5A; ACAT1; TIMM50; NDUFA6; TIMM13; NDUFA8; SDHC; ATP6V1C1; NDUFB6; VDAC1; SDHD; ATP6V0B; MTX2; COX7B; MGST3; NDUFS8; CYCS; MDH2; UQCR11; MRPL35; ATP6V1G1; COX5B; ETFB; COX6B1; MRPL34; NDUFA2; ATP5MC1; NDUFA9; FH; SLC25A11; LDHA; MRPL15; MRPS15; POLR2F; NDUFB4; MRPS11; CASP7; NDUFV2; LDHB; BAX; AIFM1; NDUFA7; GOT2; NDUFA1; NDUFB7; NDUFA5; VDAC3; ATP6AP1; ETFDH; NDUFC1; SUCLG1; UQCRC1; ATP5PB; PDHA1; ETFA",NA,86,TRUE
"Tier 2_All_immune_Hallmark_HALLMARK_MTORC1_SIGNALING","Tier 2","All_immune","Hallmark","HALLMARK_MTORC1_SIGNALING",-2.50826885701372,"Non_responder","MCM2; HPRT1; MCM4; BUB1; CDC25A; PLK1; PPA1; DHFR; SERPINH1; AURKA; CCNF; RRM2; TPI1; MTHFD2; TUBG1; PDAP1; GAPDH; ENO1; AK4; SHMT2; CCT6A; PSMB5; IGFBP5; CALR; CACYBP; PHGDH; PSMA4; CYB5B; ATP5MC1; TMEM97; CTSC; HMBS; PRDX1; SDF2L1; STIP1; GPI; SLC1A4; PSMC4; PSAT1; PSMD13; SLC37A4; FDXR; PSMC2; HSPE1; HSPA4; PSMG1; EIF2S2; POLR3G; HSPD1; PLOD2; LDHA; EEF1E1; PSMC6; ATP6V1D; PPIA; ATP2A2; BCAT1; PGK1; IMMT; ACTR3; ASNS; NFYC; IDH1; PSMA3; XBP1; CANX; FKBP2; PSMD14; YKT6; RPA1; SORD; ACACA; PFKL; MLLT11",NA,74,TRUE
"Tier 2_CD8T_Trm_ZNF683_Hallmark_HALLMARK_OXIDATIVE_PHOSPHORYLATION","Tier 2","CD8T_Trm_ZNF683","Hallmark","HALLMARK_OXIDATIVE_PHOSPHORYLATION",-2.45057081939864,"Non_responder","ATP5MC3; ATP5MF; COX5A; TIMM8B; NDUFB3; ATP5PD; TIMM10; NDUFB4; IDH2; COX8A; PRDX3; NDUFS6; NDUFA2; ATP5F1D; TIMM13; UQCRH; GPI; ATP5F1C; ACAA1; LDHA; NDUFV2; UQCRQ; MRPS15; UQCR10; ETFB; BAX; NDUFB2; MRPS12; UQCRC1; NDUFS3; COX5B; CASP7; MRPS11; NDUFA8; SLC25A12; NDUFS4; ATP5MC2; MRPL34; ATP5PB; NDUFS7; ATP6V1C1; COX7A2; ETFA; ATP5MG; NDUFAB1; COX6C; NDUFS8; ATP6V1F; POLR2F; ECHS1; NDUFA6; NDUFB6; ATP5F1E; DECR1; NDUFB5; COX7B; COX6B1; NDUFB7; SUCLG1; ACADM; HSD17B10; NDUFS2; NDUFA1; HTRA2; LDHB; MDH1; SLC25A5; VDAC3; ATP6V0E1; VDAC1; ATP6V1H; ECI1; UQCR11; MTX2; ATP5ME; COX17; TIMM50; ATP5MC1; COX7C; NDUFC2; ATP5PF; TIMM9; ECH1; ACADVL; IDH3G; HADHB; SDHD; MRPL11; NDUFA7; SLC25A11; BCKDHA",NA,91,TRUE
"Tier 2_cDC2_CD1C_Hallmark_HALLMARK_GLYCOLYSIS","Tier 2","cDC2_CD1C","Hallmark","HALLMARK_GLYCOLYSIS",-2.42325342101672,"Non_responder","TPI1; MIF; FUT8; ENO1; FKBP4; PKM; SLC16A3; SOD1; UGP2; PGK1; GMPPB; IDH1; GNPDA1; COPB2; MDH1; POLR3K; PFKP; RRAGD; PLOD1; AKR1A1; GMPPA; P4HA1; GLRX; PSMC4; SDHC; STMN1; GALK1; ME2; FAM162A; RPE; QSOX1; MDH2; HDLBP; NASP; GOT1; ALDOA; PPIA; PGAM1; LDHA; PGM2; MPI",NA,41,TRUE
"Tier 2_T_NK_cell_Hallmark_HALLMARK_MTORC1_SIGNALING","Tier 2","T/NK cell","Hallmark","HALLMARK_MTORC1_SIGNALING",-2.38446191251138,"Non_responder","MCM2; HPRT1; BUB1; MCM4; PSMB5; PLK1; CDC25A; CTSC; SHMT2; DHFR; TUBG1; PRDX1; GAPDH; PPA1; ENO1; CD9; LGMN; TPI1; BCAT1; CCNF; AK4; ATP5MC1; HMBS; DAPP1; CCT6A; SERPINH1; PHGDH; STIP1; PSMA4; RRM2; AURKA; CACYBP; EGLN3; SEC11A; CYB5B; MTHFD2; FDXR; SORD; PSAT1; HSPA4; TMEM97; PDAP1; IGFBP5; NAMPT; GLRX; ASNS; IDH1; GPI; PITPNB; NFYC; SQLE; EEF1E1; EIF2S2; TFRC; TBK1; PPIA; PSMC4; SCD; HSPE1; PSMC6; SLC1A4; SLC37A4; HSPD1; IFI30; PSMG1; PFKL; SDF2L1; ATP6V1D; PSMD13",NA,69,TRUE
"Tier 2_M_CXCL10_Hallmark_HALLMARK_INTERFERON_ALPHA_RESPONSE","Tier 2","Mφ_CXCL10","Hallmark","HALLMARK_INTERFERON_ALPHA_RESPONSE",-2.38425878292948,"Non_responder","ISG15; IFI27; IFITM3; IFITM1; EPSTI1; CD47; NMI; PARP9; PSMA3; PSMB9; PSME2; CASP1; ISG20; TXNIP; LGALS3BP; LY6E; MX1; BST2; PSMB8; IFIH1; IFITM2; IRF7; IRF1; CCRL2; SAMD9L; STAT2; UBE2L6; IFIT2; IFI35; PLSCR1; B2M",NA,31,TRUE
"Tier 2_All_immune_Hallmark_HALLMARK_GLYCOLYSIS","Tier 2","All_immune","Hallmark","HALLMARK_GLYCOLYSIS",-2.3588672914425,"Non_responder","CENPA; CDK1; KIF20A; HMMR; DEPDC1; GPC1; AURKA; MIF; TPI1; P4HA2; GYS1; ELF3; STMN1; ENO1; PKM; PGAM1; AK4; SLC25A10; GOT2; B4GALT2; PGM2; NOL3; FKBP4; COPB2; SOD1; PFKP; GNPDA1; PSMC4; SOX9; GALK1; MERTK; MDH2; ME2; B3GAT3; SLC37A4; PLOD2; HDLBP; LDHA; KDELR3; ANGPTL4; GMPPA; GMPPB; PPIA; UGP2; SDHC; COL5A1; RBCK1; AKR1A1; FUT8; MDH1; SLC16A3; PGK1; AK3; POLR3K; GALE; IDH1; IER3; CHPF; SDC3; SDC1; RPE; ISG20; ALG1; TGFBI; AGRN; SPAG4; NSDHL; GALK2; PPP2CB; SAP30",NA,70,TRUE
"Tier 2_cDC2_CD1C_Hallmark_HALLMARK_E2F_TARGETS","Tier 2","cDC2_CD1C","Hallmark","HALLMARK_E2F_TARGETS",-2.34789296077008,"Non_responder","JPT1; AK2; TUBB; DCTPP1; SLBP; NME1; TUBG1; LMNB1; RANBP1; DNMT1; RAN; CKS1B; RPA3; PCNA; MCM6; RFC2; PAICS; POLE4; ANP32E; POP7; MTHFD2; CKS2; RPA1; STMN1; MCM4; MCM7; NASP; MCM3; POLD2; PA2G4; BARD1; ATAD2; RPA2; MCM5; NOLC1; PRDX4; PTTG1; EIF2S1; SMC4; EXOSC8; DUT; TMPO; SMC1A; HMGB2; SMC3; NUDT21; DDX39A; TFRC; RAD21; SNRPB; SSRP1",NA,51,TRUE
"Tier 2_T_NK_cell_Hallmark_HALLMARK_MYC_TARGETS_V1","Tier 2","T/NK cell","Hallmark","HALLMARK_MYC_TARGETS_V1",-2.33692381120253,"Non_responder","RANBP1; MCM2; HPRT1; NME1; MCM4; MCM5; CDC45; COX5A; PRDX3; PPM1G; LSM2; MAD2L1; MCM7; PSMB3; CCNA2; TYMS; CDC20; CDK2; CSTF2; PSMD1; PSMB2; PCNA; NDUFAB1; GOT2; PSMA7; VDAC1; RFC4; RUVBL2; CCT3; PSMD8; PSMA6; CDK4; PSMA4; PRDX4; SRPK1; CLNS1A; MCM6; CCT5; CBX3; TFDP1; SNRPD1; RRM1; AIMP2; NHP2; SRM; SNRPD3; ERH; PSMA2; CYC1; RAN; HDGF; DUT; SNRPG; HDAC2; CCT4; PSMA1; POLD2; SERBP1; CCT7; EIF2S2; SF3B3; PPIA; PSMC4; HSPE1; HNRNPA3; PSMC6; YWHAE; UBE2L3; HSPD1; DEK",NA,70,TRUE
"Tier 2_CD8T_prf_MKI67_Hallmark_HALLMARK_INTERFERON_ALPHA_RESPONSE","Tier 2","CD8T_prf_MKI67","Hallmark","HALLMARK_INTERFERON_ALPHA_RESPONSE",-2.32266846104989,"Non_responder","MX1; PLSCR1; EPSTI1; ISG15; IFI35; EIF2AK2; BST2; UBE2L6; LY6E; LAP3; IFITM1; PSME2; SAMD9L; PSMB9; GBP4; GBP2; TAP1; ADAR; PSMB8",NA,19,TRUE
"Tier 2_All_immune_Hallmark_HALLMARK_MYC_TARGETS_V1","Tier 2","All_immune","Hallmark","HALLMARK_MYC_TARGETS_V1",-2.29616927391459,"Non_responder","RANBP1; MCM2; HPRT1; CDC45; MCM4; CCNA2; TYMS; NME1; CDC20; MAD2L1; PPM1G; MCM7; CDK2; PSMB2; RUVBL2; LSM2; COX5A; PSMB3; PCNA; NDUFAB1; PRDX3; PSMD8; RFC4; GOT2; CDK4; PSMD1; SNRPD3; SNRPD1; PSMA4; CCT3; MCM5; RRM1; MCM6; PSMA1; CSTF2; VDAC1; HDGF; SRM; TFDP1; AIMP2; NHP2; PSMA6; PSMA2; CYC1; PSMC4; UBE2L3; CLNS1A; SNRPG; POLD2; CBX3; CCT5; PSMA7; ERH; CCT4; HSPE1; RAN; CCT7; EIF2S2; C1QBP; HSPD1; PA2G4; DUT; LDHA; SERBP1; PSMC6; PPIA; EXOSC7; PRDX4; SF3B3; PGK1; YWHAE; HNRNPA3; PRPS2; EIF2S1; CANX; HDAC2; DEK; PSMD3; PSMD14",NA,79,TRUE
"Tier 2_Myeloid_cell_Hallmark_HALLMARK_OXIDATIVE_PHOSPHORYLATION","Tier 2","Myeloid cell","Hallmark","HALLMARK_OXIDATIVE_PHOSPHORYLATION",-2.26751091927404,"Non_responder","IDH2; TIMM10; UQCR10; NDUFAB1; NDUFB3; TIMM8B; COX8A; COX7A2; NDUFB2; COX5A; TIMM50; NDUFS6; COX6A1; MRPS12; UQCRQ; NDUFA8; ATP5MF; ATP5PF; ECHS1; LDHA; PRDX3; ATP5MC3; MRPL35; VDAC1; ATP5PD; POLR2F; SDHB; GPI; TIMM13; ETFB; COX6C; NDUFA2; MRPS15; COX7B; NDUFA6; ATP6V1D; ATP6V1C1; MRPL11; CYCS; SDHC; NDUFV2; ATP5F1C; IDH1; HSD17B10; ATP6V0E1; NDUFS7; MDH2; SDHD; COX5B; ATP5MC1; ACAT1; NDUFB6; NDUFS8; MRPL34; NDUFB4; ATP6V1F; COX6B1; CASP7; MTX2; TIMM17A; BAX; GOT2; BDH2; NDUFS3; MRPS11; MRPL15; NDUFA9; PDHX; CYC1; NDUFB7; ETFA; ATP6V1G1; ATP6AP1; ATP6V0B; PDHA1; UQCRC1",NA,76,TRUE
"Tier 2_Myeloid_cell_Hallmark_HALLMARK_GLYCOLYSIS","Tier 2","Myeloid cell","Hallmark","HALLMARK_GLYCOLYSIS",-2.26555469033214,"Non_responder","TPI1; CDK1; MIF; GYS1; P4HA2; FKBP4; FUT8; AURKA; SLC16A3; GMPPB; ENO1; PSMC4; HMMR; GNPDA1; TGFBI; PGM2; P4HA1; PKM; COPB2; UGP2; ME2; SPAG4; ANGPTL4; MPI; PFKP; PGK1; AK4; LDHA; RPE; PPIA; NASP; MERTK; IER3; AKR1A1; FAM162A; SDHC; IDH1; NSDHL; SLC37A4; MDH2; GALK1; GMPPA; POLR3K; NOL3; B3GAT3; ISG20; ENO2; GOT2; PLOD1; PGAM1; NDUFV3; LHPP; VEGFA; ALG1; B4GALT2; PPP2CB; ANG; KIF2A; PDK3; STMN1",NA,60,TRUE
"Tier 2_cDC2_CD1C_Hallmark_HALLMARK_MTORC1_SIGNALING","Tier 2","cDC2_CD1C","Hallmark","HALLMARK_MTORC1_SIGNALING",-2.24698301108387,"Non_responder","TPI1; PRDX1; CALR; PPA1; ENO1; HSP90B1; SERPINH1; PSMC2; PGK1; IDH1; TUBG1; ATP6V1D; SDF2L1; CTSC; ACTR3; PSMA4; PSMB5; STIP1; HPRT1; CACYBP; PSMA3; GPI; FKBP2; CYB5B; MTHFD2; PSMC6; GAPDH; P4HA1; GLRX; HSPE1; PSMC4; HSPD1; RPA1; CANX; SLC1A4; HSPA4; PDAP1; ATP2A2; MCM4; PSMD14; GLA; CCT6A; PFKL; GOT1; ALDOA; ITGB2; PPIA; PSMD13; SCD; ATP5MC1; LDHA; PGM1; HMGCS1; EIF2S2; SKAP2; GBE1; GMPS; ARPC5L; M6PR; LDLR; NUFIP1; NMT1; TOMM40; ACTR2; FADS2; DDX39A; SRD5A1; TFRC; COPS5; QDPR; ACLY; CORO1A; HMBS; PSMG1; EBP; LGMN; IFI30",NA,77,TRUE
"Tier 2_All_immune_Hallmark_HALLMARK_ESTROGEN_RESPONSE_LATE","Tier 2","All_immune","Hallmark","HALLMARK_ESTROGEN_RESPONSE_LATE",-2.21979767001792,"Non_responder","SFN; CXCL14; HPRT1; TOP2A; GINS2; KRT19; CDC6; CDH1; KIF20A; PLK4; STIL; CDC20; SLC27A2; HSPA4L; BATF; FOXC1; RNASEH2A; ARL3; IDH2; TMPRSS3; TPD52L1; PERP; FKBP4; IGFBP4; TIAM1; PLXNB1; KCNK5; ETFB; MICB; SLC1A4; XRCC3; TSPAN13; MDK; BTG3; DNAJC12; NBL1; COX6C; DCXR; CAV1; UGDH; METTL3; SLC29A1; RBBP8; SLC2A8; ST14; CISH; GALE; XBP1; ISG20; CCND1; TST; SIAH2; SORD; EMP2; PRKAR2B; FABP5; SLC16A1; MYB; CA2; BAG1; MEST; HOMER2; WFS1; ACOX2; ALDH3A2",NA,65,TRUE
"Tier 2_CD8T_prf_MKI67_Hallmark_HALLMARK_SPERMATOGENESIS","Tier 2","CD8T_prf_MKI67","Hallmark","HALLMARK_SPERMATOGENESIS",-2.21080219913824,"Non_responder","CDKN3; CCNB2; CDK1; AURKA; NCAPH; AGFG1; TALDO1; BUB1; KIF2C; EZH2; DBF4",NA,11,TRUE
"Tier 2_CD8T_prf_MKI67_Hallmark_HALLMARK_UV_RESPONSE_DN","Tier 2","CD8T_prf_MKI67","Hallmark","HALLMARK_UV_RESPONSE_DN",2.19341327042355,"Responder","CITED2; SYNE1; ATP2B1; FYN; PHF3; NIPBL; CDK13; RASA2; DUSP1; PTEN; TGFBR2; INSIG1; ATXN1; CELF2; RUNX1; ATP2B4; CDKN1B; INPP4B; ATRX; YTHDC1; NR3C1",NA,21,TRUE
"Tier 2_T_NK_cell_Hallmark_HALLMARK_GLYCOLYSIS","Tier 2","T/NK cell","Hallmark","HALLMARK_GLYCOLYSIS",-2.18012790636686,"Non_responder","CENPA; KIF20A; CDK1; HMMR; DEPDC1; PKM; STMN1; P4HA2; KDELR3; ENO1; HDLBP; TALDO1; TPI1; PGAM1; GOT2; TXN; AGRN; CHPF; SOD1; AK4; MDH1; AURKA; COPB2; EGLN3; MIF; AKR1A1; PGM2; FUT8; QSOX1; GPC1; POLR3K; FKBP4; ELF3; CLN6; GYS1; B4GALT2; GLRX; GUSB; GALE; IDH1; SLC25A10; GALK1; PPIA; PSMC4; PAM; MDH2; SLC37A4; PFKP; ISG20; GNPDA1; PPP2CB; RBCK1; ARPP19; AK3; UGP2; SDHC; ALDH9A1; B3GAT3; GMPPA; MED24; COL5A1; SAP30; ME2; NSDHL; SLC16A3; CYB5A; LDHA; GMPPB; VEGFA; PGK1",NA,70,TRUE
"Tier 2_CD8T_prf_MKI67_Hallmark_HALLMARK_MITOTIC_SPINDLE","Tier 2","CD8T_prf_MKI67","Hallmark","HALLMARK_MITOTIC_SPINDLE",-2.14373039030784,"Non_responder","TPX2; CCNB2; ANLN; KIF22; CDK1; KIF23; AURKA; PRC1; PLK1; SMC4; DLGAP5; TOP2A; NDC80; CENPF; KIF20B; ECT2; CKAP5; CENPE; FBXO5; RACGAP1; KIF4A; NUSAP1; INCENP; BIRC5; SAC3D1; KIF15; BUB1; KIF5B; KIF2C",NA,29,TRUE
"Tier 2_M_CXCL10_Hallmark_HALLMARK_INTERFERON_GAMMA_RESPONSE","Tier 2","Mφ_CXCL10","Hallmark","HALLMARK_INTERFERON_GAMMA_RESPONSE",-2.14256090294248,"Non_responder","ISG15; IFI27; IFITM3; SOCS1; EPSTI1; VAMP8; TNFSF10; NMI; PSMA3; FCGR1A; PSMB9; IDO1; PSME2; CASP1; CASP4; ISG20; TXNIP; LGALS3BP; LY6E; VAMP5; MX1; BST2; PSMB8; STAT1; IFIH1; LCP2; CD38; SOD2; IFITM2; PSMB10; FPR1; ICAM1; IRF7; IRF1; PSMB2; SAMD9L; RNF213; CD40; STAT2; XAF1; HIF1A; CCL5; UBE2L6; IFIT2; IFI35; PLSCR1; TNFAIP3; LYSMD2; PTPN2; B2M",NA,50,TRUE
"Tier 2_ILC3_KIT_Hallmark_HALLMARK_INTERFERON_ALPHA_RESPONSE","Tier 2","ILC3_KIT","Hallmark","HALLMARK_INTERFERON_ALPHA_RESPONSE",-2.13214467142094,"Non_responder","PSME2; ISG20; PSMB8; PSMB9; LY6E; IFITM3; IFITM1; IFITM2; B2M; PSME1; SELL; CD74; HLA-C",NA,13,TRUE
"Tier 2_Myeloid_cell_Hallmark_HALLMARK_MYC_TARGETS_V2","Tier 2","Myeloid cell","Hallmark","HALLMARK_MYC_TARGETS_V2",-2.11985828976864,"Non_responder","MCM4; DCTPP1; HSPD1; PLK1; HSPE1; FARSA; SRM; MCM5; GNL3; DUSP2; AIMP2; CDK4; RABEPK; MRTO4; UNG; RRP9; PA2G4; NOP16; LAS1L; MYBBP1A; NOP2; NOLC1; BYSL; TCOF1; IMP4; PES1",NA,26,TRUE
"Tier 2_All_immune_Hallmark_HALLMARK_IL6_JAK_STAT3_SIGNALING","Tier 2","All_immune","Hallmark","HALLMARK_IL6_JAK_STAT3_SIGNALING",-2.11126021841404,"Non_responder","IL2RA; STAT1; CXCL13; CXCL10; EBI3; IL15RA; STAT2; CD38; FAS; CXCL11; BAK1; CXCL9; IRF9; IL9R; IL1R1; STAT3; CSF2; CSF1; IL1R2; IL2RG; PTPN11; CD14; LTB; CCR1; IL18R1; IL12RB1; LTBR; PIM1; IL10RB; TLR2; TNFRSF1B; CSF2RB; SOCS3; CXCL1; IRF1; CCL7",NA,36,TRUE
"Tier 2_ILC3_KIT_Hallmark_HALLMARK_OXIDATIVE_PHOSPHORYLATION","Tier 2","ILC3_KIT","Hallmark","HALLMARK_OXIDATIVE_PHOSPHORYLATION",-2.10990674115153,"Non_responder","VDAC1; ATP5MC3; LDHB; COX7A2; ATP5MC2; UQCR10; COX5B; MDH2; NDUFB4; COX6B1; UQCR11; NDUFV2; ATP5F1D; ATP6V0E1; ATP5F1C; ECH1; ATP5PB; ATP5F1E; NDUFA6; ATP5MF; COX8A; NDUFA3; COX5A; COX6A1; COX7B; COX7C; ATP5F1B; GPX4; ATP5PF; ATP5MG; ATP5PD; NDUFA4; SLC25A5; ATP5F1A; COX6C; NDUFA1; UQCRQ; NDUFB2; NDUFS8; PHB2",NA,40,TRUE
"Tier 2_T_NK_cell_Hallmark_HALLMARK_IL6_JAK_STAT3_SIGNALING","Tier 2","T/NK cell","Hallmark","HALLMARK_IL6_JAK_STAT3_SIGNALING",-2.10931126052987,"Non_responder","IL1R2; IL2RA; HMOX1; EBI3; CSF2RB; IL1R1; CSF1; IL7; CD9; STAT2; CXCL10; CCR1; LTBR; CXCL13; STAT1; CD38; TNFRSF1B; IL15RA; IRF9; PTPN11; FAS; LTB; IL9R; BAK1; IL4R; IL18R1; STAT3",NA,27,TRUE
"Tier 2_T_NK_cell_Hallmark_HALLMARK_MYC_TARGETS_V2","Tier 2","T/NK cell","Hallmark","HALLMARK_MYC_TARGETS_V2",-2.09497804820867,"Non_responder","MCM4; MCM5; PLK4; PLK1; DCTPP1; CDK4; MRTO4; BYSL; SORD; FARSA; EXOSC5; CBX3; AIMP2; SRM; TMEM97; PRMT3; SLC19A1",NA,17,TRUE
"Tier 2_ILC3_KIT_Hallmark_HALLMARK_APICAL_JUNCTION","Tier 2","ILC3_KIT","Hallmark","HALLMARK_APICAL_JUNCTION",-2.09326069467463,"Non_responder","PFN1; RAC2; ACTB; MSN; MYL12B; ACTG1; ARPC2; CAP1; PTPRC; YWHAH; ACTN4; EVL; RHOF; FYB1",NA,14,TRUE
"Tier 2_All_immune_Hallmark_HALLMARK_EPITHELIAL_MESENCHYMAL_TRANSITION","Tier 2","All_immune","Hallmark","HALLMARK_EPITHELIAL_MESENCHYMAL_TRANSITION",-2.08786638785963,"Non_responder","SERPINE2; PTHLH; WNT5A; MCM7; GPC1; SERPINH1; SDC4; GEM; GJA1; ITGA2; SLC6A8; HTRA1; CADM1; PFN2; PDLIM4; IGFBP4; PPIB; MMP14; ACTA2; GADD45A; MSX1; CALU; FAS; TPM2; ECM1; SPP1; VCAM1; TNC; IL32; TNFRSF11B; LGALS1; PLOD2; PMP22; COL5A1; COL4A2; GPX7; THY1; SERPINE1; CD59; SDC1; CTHRC1; LAMC1; P3H1; COL5A2; TGFBI; TPM1; CRLF1; COL1A2; CAPG; TPM4; BMP1; MYL9; PMEPA1; SGCB; MEST; COL5A3; BGN; IGFBP2; COL1A1; SAT1; POSTN",NA,61,TRUE
"Tier 2_T_NK_cell_Hallmark_HALLMARK_ESTROGEN_RESPONSE_LATE","Tier 2","T/NK cell","Hallmark","HALLMARK_ESTROGEN_RESPONSE_LATE",-2.07339090221368,"Non_responder","TSPAN13; SLC29A1; KRT19; KIF20A; HPRT1; GINS2; TOP2A; SLC27A2; PLK4; TST; BATF; CDC6; STIL; CDC20; RBBP8; MDK; CD9; MYOF; CPE; RNASEH2A; CDH1; FOXC1; FABP5; SORD; ARL3; TMPRSS3; ALDH3A2; FKBP4; ETFB; XRCC3; KCNK5; GALE; PLXNB1; METTL3; TIAM1; PPIF; PERP; BTG3; SNX10; MICB; IMPA2; S100A9; SGK1; SLC1A4; NAB2; ISG20; COX6C; SLC16A1; IDH2; CKB; NBL1; CAV1; SLC2A8; FDFT1; FLNB; MYB; BAG1; IGFBP4",NA,58,TRUE
"Tier 2_All_immune_Hallmark_HALLMARK_MYC_TARGETS_V2","Tier 2","All_immune","Hallmark","HALLMARK_MYC_TARGETS_V2",-2.07158012855349,"Non_responder","MCM4; PLK4; PLK1; DCTPP1; CDK4; FARSA; TMEM97; MCM5; BYSL; SRM; AIMP2; MRTO4; CBX3; PRMT3; HSPE1; EXOSC5; HSPD1; PA2G4; MAP3K6",NA,19,TRUE
"Tier 2_cDC2_CD1C_Hallmark_HALLMARK_FATTY_ACID_METABOLISM","Tier 2","cDC2_CD1C","Hallmark","HALLMARK_FATTY_ACID_METABOLISM",-2.05593149828025,"Non_responder","MIF; IDH1; CBR1; CA2; MDH1; LGALS1; ACAT2; HSP90AA1; HSPH1; UBE2L6; YWHAH; ECHS1; ACOX1; SDHC; HSD17B7; SDHD; UROD; PCBD1; BLVRA; G0S2; MDH2; GLUL; ACSL4; IL4I1; PSME1; ALDOA; FH; LDHA; HMGCS1; ACOT8; ETFDH; SUCLG1; HSD17B4; OSTC; ACADS; PDHA1; GRHPR; ACAA1; GPD2; GCDH; UROS",NA,41,TRUE
"Tier 2_CD8T_prf_MKI67_Hallmark_HALLMARK_KRAS_SIGNALING_UP","Tier 2","CD8T_prf_MKI67","Hallmark","HALLMARK_KRAS_SIGNALING_UP",2.0504774976085,"Responder","CD37; IL10RA; IL7R; ITGB2; CXCR4; ETS1; NIN; IKZF1; CCSER2; GYPC; TNFAIP3; LAPTM5; PPP1R15A; CTSS; LCP1",NA,15,TRUE
"Tier 2_Myeloid_cell_Hallmark_HALLMARK_UNFOLDED_PROTEIN_RESPONSE","Tier 2","Myeloid cell","Hallmark","HALLMARK_UNFOLDED_PROTEIN_RESPONSE",-2.04447248936849,"Non_responder","CALR; DNAJA4; BAG3; PDIA6; HYOU1; HSP90B1; BANF1; MTHFD2; CKS1B; ALDH18A1; IFIT1; PDIA5; LSM1; NHP2; SLC1A4; YIF1A; ATF3; LSM4; EIF4A3; EIF4G1; SPCS3; CCL2; SSR1; POP4; NFYA; EIF2S1; EXOSC1; PREB; NABP1; EIF4EBP1; RRP9; SRPRB; EXOSC9; EDEM1; VEGFA",NA,35,TRUE
"Tier 2_T_NK_cell_Hallmark_HALLMARK_IL2_STAT5_SIGNALING","Tier 2","T/NK cell","Hallmark","HALLMARK_IL2_STAT5_SIGNALING",-2.02840564962383,"Non_responder","TNFRSF8; TNFRSF18; IL1R2; TNFRSF4; IKZF4; IL2RA; SYNGR2; TNFSF10; CTLA4; GSTO1; PLAGL1; GALM; PLSCR1; CSF1; BATF; PLPP1; CDC6; UCK2; MYO1E; TNFRSF9; BATF3; CTSZ; CYFIP1; CD79B; CD86; GBP4; CXCL10; IKZF2; FAH; DCPS; CCND2; COCH; IRF4; SPP1; AHCY; ITGAE; FURIN; TNFRSF1B; IL13; MYO1C; IL1RL1; ICOS; TIAM1; UMPS; ADAM19; LTB; PHLDA1; BCL2L1; PLIN2; PHTF2",NA,50,TRUE
"Tier 2_M_CXCL10_Hallmark_HALLMARK_COMPLEMENT","Tier 2","Mφ_CXCL10","Hallmark","HALLMARK_COMPLEMENT",-2.02688950947995,"Non_responder","FCER1G; CTSC; GNB4; HSPA1A; GCA; CTSB; S100A9; RHOG; CALM3; FN1; ATOX1; C1QC; PSMB9; TIMP2; CTSL; GNAI2; CTSD; CASP1; PFN1; CASP4; C1QA; TIMP1; CALM1; LAMP2; LCP2; IRF7; IRF1; GRB2; SERPINA1; GNB2; CCL5; PPP4C; CEBPB; PLSCR1; TNFAIP3; LRP1; STX4",NA,37,TRUE
"Tier 2_All_immune_Hallmark_HALLMARK_FATTY_ACID_METABOLISM","Tier 2","All_immune","Hallmark","HALLMARK_FATTY_ACID_METABOLISM",-2.00451471793398,"Non_responder","CBR3; MIF; UBE2L6; CBR1; HSD17B10; IL4I1; HIBCH; PCBD1; ECHS1; ECI1; ACAT2; NTHL1; MDH2; MAOA; PSME1; YWHAH; PDHB; PRDX6; OSTC; LGALS1; ACOT8; LDHA; HSPH1; UGDH; GSTZ1; SDHC; UROS; MDH1; HSP90AA1; HSD17B7; CPOX; IDH1; CRAT; SUCLG1; GRHPR; ACADVL; SDHD; EHHADH; SMS; FASN; NSDHL; ADSL; NCAPH2; GPD2; GLUL; FH; UROD; ENO3; MCEE; IDH3G; PDHA1; G0S2; CA2; ECH1; ALDH3A2; HADHB; ACADS; ETFDH",NA,58,TRUE
"Tier 2_Myeloid_cell_Hallmark_HALLMARK_TNFA_SIGNALING_VIA_NFKB","Tier 2","Myeloid cell","Hallmark","HALLMARK_TNFA_SIGNALING_VIA_NFKB",-2.00235448006426,"Non_responder","PLAU; IER5; CXCL10; IFIH1; DNAJB4; CD80; TNFSF9; CCL4; NFKBIE; TAP1; CXCL11; IL7R; IL23A; ICAM1; IL15RA; IRF1; CCRL2; SDC4; LITAF; MAFF; ATF3; IER3; TNFAIP6; IL1A; IFIT2; DUSP2; SOD2; CCL2; TRAF1; DRAM1; ID2; JUN; CCND1; TNFAIP3; MARCKS; SPHK1; RCAN1; BCL2A1; GPR183; CCL20; GADD45B; CFLAR; RNF19B; CCL5; ICOSLG; PHLDA2; VEGFA; CD83; GEM; RIPK2; G0S2; ZC3H12A; TNF; TRIP10; MXD1; STAT5A; NINJ1; TNFAIP8; SAT1; BIRC3; NR4A3; CXCL1; NR4A1; DUSP1; CEBPB; SOCS3; IL1B; ZBTB10; PTGER4; SERPINE1; JAG1; NFKBIA; PANX1; HES1; RELB; PPP1R15A; TLR2; NFKB1; REL; IFNGR2; TANK; PLEK; ABCA1; CD69; BTG3; DUSP5; OLR1",NA,87,TRUE
"Tier 2_Myeloid_cell_Hallmark_HALLMARK_INFLAMMATORY_RESPONSE","Tier 2","Myeloid cell","Hallmark","HALLMARK_INFLAMMATORY_RESPONSE",-1.99038142448338,"Non_responder","CLEC5A; CXCL10; MMP14; CD40; PDPN; SCARF1; BST2; TNFSF9; NMI; CXCL9; CXCL11; IL7R; CD70; CCL22; ICAM1; LPAR1; RTP4; IL15RA; ATP2C1; EIF2AK2; IRF1; CCRL2; STAB1; RGS1; CD14; IFITM1; CMKLR1; RGS16; EBI3; TNFAIP6; IL1A; LCP2; TNFSF15; CCL2; TNFSF10; TLR1; IL10; ATP2A2; SLC11A2; TLR3; SPHK1; GPR183; CCL20; P2RX7; LY6E; P2RX4; CCL5; ICOSLG; IRAK2; TAPBP; LAMP3; ADM; RIPK2; CCL7; C3AR1; AQP9; IRF7; CYBB; KCNJ2; MXD1",NA,60,TRUE
"Tier 2_All_immune_Hallmark_HALLMARK_MITOTIC_SPINDLE","Tier 2","All_immune","Hallmark","HALLMARK_MITOTIC_SPINDLE",-1.99002464758196,"Non_responder","ANLN; TPX2; ECT2; CDK1; PRC1; RACGAP1; KIF23; NUSAP1; TOP2A; BUB1; KIF15; TTK; SMC4; CCNB2; CENPF; CENPE; KIF4A; NEK2; KIF2C; DLGAP5; PLK1; KIF11; BIRC5; ESPL1; NDC80; FBXO5; AURKA; SAC3D1; CTTN; FSCN1; LMNB1; INCENP; PIF1; ARHGEF12; CKAP5; TIAM1; MYO1E; KNTC1",NA,38,TRUE
"Tier 2_All_immune_Hallmark_HALLMARK_DNA_REPAIR","Tier 2","All_immune","Hallmark","HALLMARK_DNA_REPAIR",-1.98703479579652,"Non_responder","HPRT1; ZWINT; TYMS; NME1; RFC2; POLR2H; SAC3D1; FEN1; PCNA; CMPK2; RFC4; RPA3; POLA1; SSRP1; RALA; POLR2F; RBX1; DGUOK; GTF2A2; EDF1; RFC5; NUDT21; POLR2J; POLD1; ITPA; POLR2G; VPS37D; POLR2E; CSTF3; BCAM; POLA2; MRPL40; DUT; ERCC2; TARBP2; AAAS; POLR2I; NUDT9; GTF2H5; AK3; RFC3; ERCC1; DAD1; LIG1; APRT; UMPS; MPG; POLR2K; ADRM1; TAF12; COX17; POLD3",NA,52,TRUE
"Tier 2_CD8T_Trm_ZNF683_Hallmark_HALLMARK_UV_RESPONSE_DN","Tier 2","CD8T_Trm_ZNF683","Hallmark","HALLMARK_UV_RESPONSE_DN",1.98694163156081,"Responder","NR1D2; CITED2; RUNX1; ATP2B1; CDKN1B; SYNE1; CDK13; PHF3; SCAF8; NIPBL; DUSP1; PRDM2; TGFBR3; FYN; AKT3; DLG1; DYRK1A; SPOP; MT1E; YTHDC1; ATRX; NR3C1; MAPK14",NA,23,TRUE
"Tier 2_ILC3_KIT_Hallmark_HALLMARK_INTERFERON_GAMMA_RESPONSE","Tier 2","ILC3_KIT","Hallmark","HALLMARK_INTERFERON_GAMMA_RESPONSE",-1.97481445470507,"Non_responder","PSME2; ISG20; PSMB8; PSMB9; LY6E; IFITM3; STAT1; HLA-A; PSMB10; RNF213; HLA-DQA1; SOCS3; LCP2; IFITM2; STAT3; IL2RB; B2M; NAMPT; PSME1; CCL5",NA,20,TRUE
"Tier 2_Myeloid_cell_Hallmark_HALLMARK_FATTY_ACID_METABOLISM","Tier 2","Myeloid cell","Hallmark","HALLMARK_FATTY_ACID_METABOLISM",-1.96739103426158,"Non_responder","MIF; IL4I1; YWHAH; UBE2L6; LGALS1; HSD17B7; HSP90AA1; HSPH1; ACAT2; NBN; CPOX; CBR3; CA2; CBR1; OSTC; ECHS1; LDHA; GLUL; PSME1; PCBD1; SDHC; IDH1; HSD17B10; NSDHL; MDH2; SDHD; HSD17B4; HIBCH; UGDH; PRDX6; ENO3; ELOVL5; ENO2; FASN; UROS; GPD2; GCDH; HMGCS1; PDHA1; G0S2; ACOT8; GSTZ1; CRAT; GRHPR; ADIPOR2",NA,45,TRUE
"Tier 2_T_NK_cell_Hallmark_HALLMARK_DNA_REPAIR","Tier 2","T/NK cell","Hallmark","HALLMARK_DNA_REPAIR",-1.96652784233857,"Non_responder","HPRT1; ZWINT; NME1; CMPK2; RFC2; SAC3D1; TYMS; PCNA; FEN1; RFC4; RALA; RPA3; POLR2H; SSRP1; RBX1; COX17; POLA1; MPG; RFC5; NUDT21; DGUOK; POLR2F; GTF2A2; ITPA; DUT; ERCC1; TARBP2; POLD1; POLR2J; POLD3; UMPS; POLR2E; VPS37D; CSTF3; LIG1; MPC2; EDF1; RFC3; NT5C3A; ADRM1; MRPL40; AK3; POLR2K; POLR2G; ERCC2; ARL6IP1; AAAS; POLA2; NT5C; POLR2I",NA,50,TRUE
"Tier 2_T_NK_cell_Hallmark_HALLMARK_FATTY_ACID_METABOLISM","Tier 2","T/NK cell","Hallmark","HALLMARK_FATTY_ACID_METABOLISM",-1.95354630489436,"Non_responder","ACSL4; PCBD1; CBR3; GSTZ1; CBR1; HADHB; UBE2L6; SMS; HSD17B10; HIBCH; MDH1; ECI1; MIF; G0S2; ACSL1; ALDH3A2; YWHAH; ECHS1; HADH; NTHL1; PDHB; IDH1; HSDL2; PRDX6; BLVRA; UROD; ACOT8; HCCS; MDH2; HSD17B7; NCAPH2; GRHPR; ACAT2; HSPH1; GPD2; ACADVL; HPGD; FH; SDHC; PSME1; HSP90AA1; LGALS1; ACOT2; ALDH1A1; ALDH9A1; ACADS; ACAA1; SUCLG1; ECH1; NSDHL; SDHD; DECR1; IDH3G; LDHA; EPHX1; ACADM",NA,56,TRUE
"Tier 2_CD8T_prf_MKI67_Hallmark_HALLMARK_TNFA_SIGNALING_VIA_NFKB","Tier 2","CD8T_prf_MKI67","Hallmark","HALLMARK_TNFA_SIGNALING_VIA_NFKB",1.94459822795942,"Responder","PNRC1; BTG2; JUNB; FOSB; NR4A2; SLC2A3; BTG1; EHD1; IL7R; ATP2B1; KLF9; ZFP36; EIF1; DUSP2; FOS; IER2; PTGER4; MCL1; CD44; CD69; CCNL1; EGR1; PFKFB3; NR4A3; DUSP1; KLF2; TIPARP; KLF6; RELA; LITAF; GPR183; TNFAIP3; PPP1R15A; TNF; B4GALT1",NA,35,TRUE
"Tier 2_cDC2_CD1C_Hallmark_HALLMARK_MYC_TARGETS_V1","Tier 2","cDC2_CD1C","Hallmark","HALLMARK_MYC_TARGETS_V1",-1.94388380509658,"Non_responder","PSMB3; SNRPG; PSMB2; PGK1; NME1; NDUFAB1; PSMA2; PSMA6; RANBP1; RAN; PSMA7; SSB; ERH; PCNA; PSMA4; PRDX3; PSMD8; MCM6; HPRT1; UBE2L3; SNRPD3; CCT4; PSMD1; CCT3; PSMD7; SNRPD1; PWP1; RRM1; COX5A; LSM2; PSMC6; HSPE1; PSMC4; PTGES3; HSPD1; CANX; VDAC1; MCM4; CCT5; PSMD14; RUVBL2; PPM1G; PSMA1; SRM; MCM7; CCT7; POLD2; PA2G4; PPIA; EXOSC7; HSP90AB1; LDHA; MCM5; PRPS2; NOLC1; EIF2S2; PRDX4; PSMD3; TFDP1; TCP1; MRPS18B; C1QBP; BUB3; NCBP1; HDGF; KPNB1; NOP16; EIF2S1; HNRNPA3; SSBP1; GOT2; CCT2",NA,72,TRUE
"Tier 2_M_CXCL10_Hallmark_HALLMARK_FATTY_ACID_METABOLISM","Tier 2","Mφ_CXCL10","Hallmark","HALLMARK_FATTY_ACID_METABOLISM",-1.93693000103181,"Non_responder","GLUL; CBR1; HSP90AA1; YWHAH; HSPH1; LGALS1; MIF; ERP29; UBE2L6; IL4I1; G0S2; OSTC; BLVRA; PSME1; ACAA1; ALDOA; ACSL4; SDHD; LDHA; PCBD1",NA,20,TRUE
"Tier 2_Myeloid_cell_Hallmark_HALLMARK_HYPOXIA","Tier 2","Myeloid cell","Hallmark","HALLMARK_HYPOXIA",-1.93341833256452,"Non_responder","ALDOC; TPI1; MIF; GYS1; TPD52; P4HA2; ENO1; TGFBI; PGM2; P4HA1; UGP2; ANGPTL4; PFKP; PGK1; HS3ST1; AK4; ERRFI1; LDHA; SDC4; SLC2A5; MAFF; ATF3; IER3; GPI; GCNT2; GAPDH; PLIN2; FAM162A; TGM2; SLC37A4; PFKL; GALK1; AMPD3; JUN; ISG20; ENO3; TNFAIP3; PRDX5; ENO2",NA,39,TRUE
"Tier 2_CD8T_prf_MKI67_Hallmark_HALLMARK_OXIDATIVE_PHOSPHORYLATION","Tier 2","CD8T_prf_MKI67","Hallmark","HALLMARK_OXIDATIVE_PHOSPHORYLATION",-1.92593840696117,"Non_responder","TIMM10; NDUFB4; ATP5MF; POLR2F; NDUFS8; COX6A1; ATP5PD; NDUFA6; UQCR10; COX5B; COX8A; TIMM13; UQCRQ; COX17; NDUFA4; COX5A; TIMM8B; NDUFB3; NDUFS6; NDUFB2; UQCRH; COX6B1; MRPL34; ATP5MC3; ATP5PF; SLC25A11; ATP6V1F; NDUFB6; MRPS11; COX7A2; UQCRC1; COX6C; MDH1; MRPS12; ECHS1; SDHC; ECI1; FDX1; CYC1; MGST3; NDUFS4; NDUFB7; NDUFS7; ATP5F1D; IDH3G; CYB5R3; VDAC3; ATP5MC1; ATP5MC2; NDUFV2; AFG3L2; PRDX3; NDUFC1; NDUFS2; HSD17B10; ATP5F1C; NDUFAB1; NDUFA3; ACADM; MDH2; NDUFA2; ETFA; BAX; NDUFB1; VDAC1; COX7B; SLC25A5; NDUFS3; GPX4; ACADVL; NDUFB5",NA,71,TRUE
"Tier 2_T_NK_cell_Hallmark_HALLMARK_REACTIVE_OXYGEN_SPECIES_PATHWAY","Tier 2","T/NK cell","Hallmark","HALLMARK_REACTIVE_OXYGEN_SPECIES_PATHWAY",-1.91608659628545,"Non_responder","NQO1; ATOX1; PRDX1; PRDX2; NDUFB4; TXN; SOD1; PRDX4; GLRX2; SBNO2; LAMTOR5; NDUFA6; GLRX; MGST1; PTPA; PRDX6",NA,16,TRUE
"Tier 2_All_immune_Hallmark_HALLMARK_IL2_STAT5_SIGNALING","Tier 2","All_immune","Hallmark","HALLMARK_IL2_STAT5_SIGNALING",-1.8988760048489,"Non_responder","TNFRSF18; TNFRSF4; IKZF4; IL2RA; GALM; UCK2; CDC6; CTLA4; BATF; TNFRSF9; GBP4; TNFSF10; TNFRSF8; IKZF2; PLPP1; IRF6; DCPS; CXCL10; CCND2; TIAM1; BCL2L1; MYO1E; FAH; ITGAE; ICOS; ECM1; SPP1; IL13; IL2RB; PLSCR1; PLIN2; AHCY; TRAF1; SYT11; CSF2; FURIN; CSF1; PHLDA1; IFITM3; IL1R2; EEF1AKMT1; IL10; ADAM19; CISH; LTB; SH3BGRL2; XBP1; IRF4; UMPS; PTRH2; RGS16; IL18R1; NRP1; MXD1; AMACR; SLC39A8; CYFIP1; CAPG; GSTO1; ENO3; SYNGR2; CA2; CCNE1; CTSZ; PLAGL1; SCN9A; PIM1; PHTF2; CASP3",NA,69,TRUE
"Tier 2_T_NK_cell_Hallmark_HALLMARK_MITOTIC_SPINDLE","Tier 2","T/NK cell","Hallmark","HALLMARK_MITOTIC_SPINDLE",-1.88354965083267,"Non_responder","ANLN; TPX2; SMC4; CCNB2; KIF23; BUB1; CDK1; NUSAP1; PRC1; ECT2; TOP2A; RACGAP1; KIF4A; TTK; CENPF; FBXO5; NEK2; ESPL1; CENPE; PLK1; KIF15; DLGAP5; NDC80; KIF2C; KIF11; SAC3D1; MYO1E; BIRC5; CTTN; RAB3GAP1; BRCA2; AURKA; ARHGEF12; INCENP; LMNB1; KNTC1; PPP4R2; CKAP5; BCL2L11; KPTN; CNTROB; TIAM1; DST; KIF20B; PIF1; CEP131; KIF5B; STK38L; NET1; YWHAE; PLEKHG2; NEDD9; KIF3B",NA,53,TRUE
"Tier 2_Myeloid_cell_Hallmark_HALLMARK_IL6_JAK_STAT3_SIGNALING","Tier 2","Myeloid cell","Hallmark","HALLMARK_IL6_JAK_STAT3_SIGNALING",-1.88004966943268,"Non_responder","CXCL10; IL2RA; STAT1; CXCL13; CXCL9; CXCL11; LTB; IL15RA; IRF1; IL2RG; CD14; SOCS1; EBI3; JUN; BAK1; STAT2; IL9R; PTPN2; LTBR; CD38; CCL7; GRB2; IL10RB; TNF; CSF2RB; PTPN1; IRF9; TNFRSF1A; CCR1; IL7; IL12RB1; CXCL1; SOCS3; STAT3; IL1B",NA,35,TRUE
"Tier 2_CD8T_prf_MKI67_Hallmark_HALLMARK_INTERFERON_GAMMA_RESPONSE","Tier 2","CD8T_prf_MKI67","Hallmark","HALLMARK_INTERFERON_GAMMA_RESPONSE",-1.87507606250536,"Non_responder","MX1; PLSCR1; EPSTI1; ISG15; IFI35; EIF2AK2; BST2; XAF1; VAMP8; MTHFD2; UBE2L6; LY6E; LAP3; TNFSF10; PSME2; STAT1; VCAM1; CD38; SAMD9L; PSMB9; GBP4; VAMP5; TAP1; ADAR; PSMB8; GZMA; NAMPT; PELI1; IFITM2; PARP14; PSMB2; RBCK1; IRF2; NMI; PSME1; PTPN6",NA,36,TRUE
"Tier 2_T_NK_cell_Hallmark_HALLMARK_XENOBIOTIC_METABOLISM","Tier 2","T/NK cell","Hallmark","HALLMARK_XENOBIOTIC_METABOLISM",-1.83743322599426,"Non_responder","NQO1; HMOX1; HPRT1; PTGR1; GSTO1; IL1R1; MTHFD1; SHMT2; PYCR1; ACP2; JUP; CBR1; MCCC2; BCAT1; FAH; ACOX3; AHCY; SERPINE1; PGD; TMEM97; GART; SMOX; FAS; IDH1; TKFC; SLC35B1; GSS; COMT; LPIN2; ARPP19; PMM1; GCNT2; NINJ1; PSMB10; PGRMC1; SLC12A4; ATP2A2; ALDH9A1; ALAS1; NFS1; SAR1B; ECH1; SLC6A6",NA,43,TRUE
"Tier 2_cDC2_CD1C_Hallmark_HALLMARK_UV_RESPONSE_UP","Tier 2","cDC2_CD1C","Hallmark","HALLMARK_UV_RESPONSE_UP",-1.82943641234239,"Non_responder","FKBP4; TAP1; SELENOW; MMP14; CA2; CLTB; STIP1; DNAJB1; TMBIM6; CNP; ALAS1; CYB5B; AP2S1; POLR2H; ATP6V1F; GRINA; PSMC3; ATP6V1C1; PDAP1; UROD; CCND3; SOD2; ALDOA; IRF1; RAB27A; AQP3; BSG; CYB5R1; GCH1; TST; CREG1",NA,31,TRUE
"Tier 2_Myeloid_cell_Hallmark_HALLMARK_UV_RESPONSE_UP","Tier 2","Myeloid cell","Hallmark","HALLMARK_UV_RESPONSE_UP",-1.82844882745598,"Non_responder","POLR2H; FKBP4; SELENOW; MMP14; CNP; PDAP1; TAP1; DNAJB1; RFC4; CYB5B; PSMC3; GGH; AP2S1; STIP1; CLTB; ICAM1; CDK2; IRF1; CA2; FEN1; PPAT; ATF3; SLC6A8; ATP6V1C1; SOD2; YKT6; ATP6V1F; DNAJA1; ENO2; TMBIM6; SLC6A12; RRAD; GRINA; BAK1",NA,34,TRUE
"Tier 2_All_immune_Hallmark_HALLMARK_XENOBIOTIC_METABOLISM","Tier 2","All_immune","Hallmark","HALLMARK_XENOBIOTIC_METABOLISM",-1.82114471883789,"Non_responder","AKR1C2; NQO1; HPRT1; CBR1; ACOX3; MTHFD1; SHMT2; TMEM97; IGFBP4; PTGR1; PYCR1; FAH; SLC35B1; GSS; CFB; MCCC2; GART; ACP2; FAS; LPIN2; MAOA; PSMB10; CNDP2; HSD11B1; NDRG2; DCXR; IL1R1; AHCY; UGDH; ATP2A2; BCAT1; PMM1; SSR3; SERPINE1; EPHA2; IDH1; TMEM176B; SAR1B; NFS1; PGRMC1; TKFC; SPINT2; NINJ1; GSTO1; ATOH8; CA2; ADH5; ECH1; ACOX2; ESR1; JUP; ETFDH; SLC12A4; PEMT; AQP9",NA,55,TRUE
"Tier 2_T_NK_cell_Hallmark_HALLMARK_ADIPOGENESIS","Tier 2","T/NK cell","Hallmark","HALLMARK_ADIPOGENESIS",-1.81238447277609,"Non_responder","PRDX3; TST; CDKN2C; AK2; TALDO1; GADD45A; NDUFAB1; COX8A; SOD1; FAH; HIBCH; MTCH2; UQCRQ; MRPL15; CD151; COQ9; CCNG2; UQCR10; COQ3; MAP4K3; SQOR; UQCRC1; COX6A1; ETFB; CYC1; TANK; SLC19A1; ECHS1; HADH; IDH1; DNAJC15; SLC25A10; TKT; YWHAG; APLP2; PLIN2; NDUFS3; COQ5; COX7B; EPHX2; UCP2; MDH2; CHCHD10; RAB34; PFKL; AIFM1; ABCB8; GPD2; IDH3A; ESRRA; REEP5; IMMT",NA,52,TRUE
"Tier 2_CD8T_Trm_ZNF683_Hallmark_HALLMARK_GLYCOLYSIS","Tier 2","CD8T_Trm_ZNF683","Hallmark","HALLMARK_GLYCOLYSIS",-1.7941479391251,"Non_responder","MIF; TPI1; ENO1; PGAM1; QSOX1; SOD1; STMN1; FKBP4; TALDO1; COPB2; LDHA; POLR3K; ISG20; FUT8; RBCK1; PKM; ME2; HDLBP; G6PD; PSMC4; TXN; SLC16A3; MDH1; B3GAT3; PPIA",NA,25,TRUE
"Tier 2_CD8T_Trm_ZNF683_Hallmark_HALLMARK_FATTY_ACID_METABOLISM","Tier 2","CD8T_Trm_ZNF683","Hallmark","HALLMARK_FATTY_ACID_METABOLISM",-1.78909132217183,"Non_responder","UBE2L6; MIF; CBR1; ACAA1; LDHA; PSME1; HSPH1; PRDX6; HIBCH; PCBD1; GRHPR; ACSL4; ECHS1; HADH; LGALS1; DECR1; YWHAH; SUCLG1; ACADM; HSD17B10; HSP90AA1; MDH1; UROS; ECI2; SMS; ECI1; BLVRA; HPGD; ECH1; ACADVL; IDH3G; HADHB; SDHD; GCDH",NA,34,TRUE
"Tier 2_ILC3_KIT_Hallmark_HALLMARK_GLYCOLYSIS","Tier 2","ILC3_KIT","Hallmark","HALLMARK_GLYCOLYSIS",-1.78858934502217,"Non_responder","ISG20; MIF; SOD1; PGAM1; PKM; PPIA; MDH2; TPI1",NA,8,TRUE
"Tier 2_ILC3_KIT_Hallmark_HALLMARK_APOPTOSIS","Tier 2","ILC3_KIT","Hallmark","HALLMARK_APOPTOSIS",-1.78233254156982,"Non_responder","HSPB1; ISG20; CD2; ATF3; SOD1; CFLAR; IFITM3; BIRC3; SAT1; DNAJA1; RHOB; HMGB2; GADD45A; JUN",NA,14,TRUE
"Tier 2_Myeloid_cell_Hallmark_HALLMARK_EPITHELIAL_MESENCHYMAL_TRANSITION","Tier 2","Myeloid cell","Hallmark","HALLMARK_EPITHELIAL_MESENCHYMAL_TRANSITION",-1.78123531618936,"Non_responder","SERPINH1; WNT5A; PPIB; MMP14; LGALS1; TGFBI; GPX7; MYL9; PMP22; IGFBP4; MCM7; CAPG; SDC4; SLC6A8; SPP1; IL32; HTRA1; TGM2; COL1A1; ID2; JUN; ECM1; CALU; TNFAIP3; PCOLCE; ENO2; PLOD1; COL1A2; GADD45B; COL3A1; VEGFA; GEM",NA,32,TRUE
"Tier 2_T_NK_cell_Hallmark_HALLMARK_EPITHELIAL_MESENCHYMAL_TRANSITION","Tier 2","T/NK cell","Hallmark","HALLMARK_EPITHELIAL_MESENCHYMAL_TRANSITION",-1.7792747569778,"Non_responder","SERPINE2; PTHLH; SDC4; MCM7; IGFBP2; GEM; PVR; GADD45A; PDLIM4; SERPINH1; CTHRC1; ITGA2; CD59; CADM1; ACTA2; QSOX1; SPP1; GPC1; SERPINE1; BASP1; HTRA1; CALU; FAS; DST; SAT1; SGCB; TPM4; PMP22; VCAM1; PFN2; IL32; CAPG; CXCL8; ADAM12; PMEPA1; RHOB; LGALS1; GPX7; SLC6A8; COL6A3; COL5A1; BMP1; IGFBP4; P3H1; MEST; VEGFA; POSTN; COL1A1; TIMP1; COL1A2; BGN; TPM1; COL5A3; THY1; TPM2",NA,55,TRUE
"Tier 2_M_CXCL10_Hallmark_HALLMARK_UV_RESPONSE_DN","Tier 2","Mφ_CXCL10","Hallmark","HALLMARK_UV_RESPONSE_DN",1.77865924110972,"Responder","NR3C1; ATP2B1; PDLIM5; ATRX; CELF2; NFKB1; NIPBL; INSIG1; MT1E",NA,9,TRUE
"Tier 2_cDC2_CD1C_Hallmark_HALLMARK_UNFOLDED_PROTEIN_RESPONSE","Tier 2","cDC2_CD1C","Hallmark","HALLMARK_UNFOLDED_PROTEIN_RESPONSE",-1.77774040397836,"Non_responder","CALR; DNAJA4; HSP90B1; HYOU1; BAG3; PDIA6; BANF1; EIF4EBP1; CKS1B; MTHFD2; ATP6V0D1; EIF4G1; SLC1A4; NABP1; LSM1; LSM4; SPCS3; PREB; EXOSC1; EXOSC4; POP4; IMP3; EXOSC9; NOLC1; SRPRB; YIF1A; EIF2S1; DDX10",NA,28,TRUE
"Tier 2_All_immune_Hallmark_HALLMARK_SPERMATOGENESIS","Tier 2","All_immune","Hallmark","HALLMARK_SPERMATOGENESIS",-1.77310460995328,"Non_responder","CDKN3; CDK1; BUB1; TTK; CCNB2; NEK2; KIF2C; IL12RB2; NCAPH; HSPA4L; AURKA; DMC1; SCG5; RFC4; EZH2; ALOX15; RPL39L; PARP2; PSMG1; NEFH; MAP7; HSPA1L; PCSK1N; CLPB",NA,24,TRUE
"Tier 2_Myeloid_cell_Hallmark_HALLMARK_ALLOGRAFT_REJECTION","Tier 2","Myeloid cell","Hallmark","HALLMARK_ALLOGRAFT_REJECTION",-1.77229650715406,"Non_responder","TPD52; CD80; CD40; CCL13; NME1; IL2RA; CCL4; STAT1; TAP1; CXCL13; CXCL9; LTB; CCL22; GCNT1; ICAM1; TRAF2; BRCA1; CD47; IL2RG; PSMB10; TAP2; STAB1; GBP2; CAPG; SOCS1; B2M; LCP2; CDKN2A; CCR5; CCL19; CCL2; STAT4; CD2; CD86; TLR1; IL10; FCGR2B; ACHE; HLA-G; TLR3; CCL5; ICOSLG; EIF4G3; HLA-A; TAPBP; RIPK2; CCL7; C2; GZMB; IRF7; TNF; EIF5A; CCR1; IL13; CCR2; UBE2N; CD74; LY75; IL7; IL12RB1; PRF1; TLR6; ABCE1; SIT1; IL1B; IGSF6; TIMP1; IL15",NA,68,TRUE
"Tier 2_cDC2_CD1C_Hallmark_HALLMARK_WNT_BETA_CATENIN_SIGNALING","Tier 2","cDC2_CD1C","Hallmark","HALLMARK_WNT_BETA_CATENIN_SIGNALING",1.75813334360175,"Responder","CSNK1E; HDAC5; MAML1; FRAT1; ADAM17; CTNNB1; NUMB; CCND2",NA,8,TRUE
"Tier 2_All_immune_Hallmark_HALLMARK_INFLAMMATORY_RESPONSE","Tier 2","All_immune","Hallmark","HALLMARK_INFLAMMATORY_RESPONSE",-1.75573978927735,"Non_responder","TNFRSF9; BST2; EIF2AK2; TNFSF10; RTP4; CCL22; CXCL10; PDPN; EBI3; PTGIR; IRF7; IL15RA; LTA; NMI; MMP14; SCARF1; LY6E; ATP2C1; LCP2; CXCL11; RGS1; LAMP3; CXCL9; CCRL2; IL2RB; IL1R1; CLEC5A; ICAM1; GNA15; CSF1; TNFAIP6; ATP2A2; SLC11A2; STAB1; IL10; IFITM1; TNFSF15; CD14; SERPINE1; C3AR1; IL1A; LPAR1; SLC1A2; RGS16; CCL20; IL18R1; ADRM1; CCL2; FZD5; MXD1; CD70; KCNJ2; SPHK1; P2RX7; TLR3; CXCR6; LCK; SRI; LDLR; ADM",NA,60,TRUE
"Tier 2_cDC2_CD1C_Hallmark_HALLMARK_ADIPOGENESIS","Tier 2","cDC2_CD1C","Hallmark","HALLMARK_ADIPOGENESIS",-1.74557727885945,"Non_responder","AK2; STOM; SOD1; NDUFAB1; IDH1; UQCR10; SDHB; COX8A; PRDX3; UQCRQ; COX6A1; NDUFS3; MTCH2; ECHS1; ACOX1; SQOR; UCP2; SDHC; NABP1; ENPP2; COX7B; MGST3; MDH2; UQCR11; PREB; ETFB; PFKL; REEP5; ALDOA; COQ5; GHITM; PGM1; MRPL15; SAMM50; YWHAG; GBE1; TST; AIFM1; NDUFB7; NDUFA5; TALDO1; CCNG2; SUCLG1; ACADS; UQCRC1; NMT1; GPD2; GRPEL1; RMDN3; APOE; QDPR; ACLY; ABCB8",NA,53,TRUE
"Tier 2_CD8T_Trm_ZNF683_Hallmark_HALLMARK_CHOLESTEROL_HOMEOSTASIS","Tier 2","CD8T_Trm_ZNF683","Hallmark","HALLMARK_CHOLESTEROL_HOMEOSTASIS",-1.74305439921428,"Non_responder","PLSCR1; FBXO6; S100A11; ATF3; ETHE1; FABP5; LGALS3; ANXA5; CD9; TP53INP1; ACTG1; PMVK; FDPS; LDLR",NA,14,TRUE
"Tier 2_M_CXCL10_Hallmark_HALLMARK_OXIDATIVE_PHOSPHORYLATION","Tier 2","Mφ_CXCL10","Hallmark","HALLMARK_OXIDATIVE_PHOSPHORYLATION",-1.73081047733478,"Non_responder","UQCR10; ATP6V0E1; NDUFAB1; ATP6V0B; ATP6V1F; IDH2; COX8A; SDHB; TIMM8B; ATP5MC3; NDUFS6; NDUFB3; COX17; ALAS1; NDUFS7; PRDX3; UQCR11; NDUFB7; ATP5MF; COX7A2; COX6A1; TCIRG1; COX7B; COX5B; ATP5PD; COX6C; NDUFB4; COX6B1; NDUFA3; NDUFC1; MGST3; NDUFB2; ATP6AP1; NDUFV2; NDUFB6; NDUFA2; UQCRC1; GPI; ACAA1; UQCRH; ATP6V1G1; NDUFA6; COX5A; BAX; NDUFA4; NDUFA1; UQCRQ; SDHD; LDHA; ATP5F1A; NDUFB1; ATP5MG",NA,52,TRUE
"Tier 2_CD8T_prf_MKI67_Hallmark_HALLMARK_GLYCOLYSIS","Tier 2","CD8T_prf_MKI67","Hallmark","HALLMARK_GLYCOLYSIS",-1.72884967992176,"Non_responder","CENPA; CDK1; AURKA; MIF; HMMR; FKBP4; SOD1; TPI1; STMN1; TXN; TALDO1; SAP30; POLR3K; MDH1; PGAM1; PKM; GUSB; SDHC; RBCK1; HDLBP; PPIA",NA,21,TRUE
"Tier 2_CD8T_Trm_ZNF683_Hallmark_HALLMARK_COMPLEMENT","Tier 2","CD8T_Trm_ZNF683","Hallmark","HALLMARK_COMPLEMENT",-1.72761397288704,"Non_responder","GZMB; PLSCR1; CTSC; IRF7; CALM3; GZMA; LAP3; CASP1; CASP4; CTSB; PSMB9; CASP3; PIM1; PFN1; CASP7; LGALS3; ANXA5; APOBEC3G; PPP4C; HSPA1A; GNAI2",NA,21,TRUE
"Tier 2_cDC2_CD1C_Hallmark_HALLMARK_MYC_TARGETS_V2","Tier 2","cDC2_CD1C","Hallmark","HALLMARK_MYC_TARGETS_V2",-1.72360724711938,"Non_responder","DCTPP1; HSPE1; HSPD1; MCM4; FARSA; MRTO4; SRM; PA2G4; MCM5; NOLC1; GRWD1; MPHOSPH10; NOP16; NOP2; MYBBP1A; PES1; RABEPK; NDUFAF4; NIP7; TCOF1",NA,20,TRUE
"Tier 2_T_NK_cell_Hallmark_HALLMARK_ANGIOGENESIS","Tier 2","T/NK cell","Hallmark","HALLMARK_ANGIOGENESIS",-1.72318467979278,"Non_responder","PDGFA; CCND2; SPP1; VEGFA; POSTN; TIMP1; S100A4; JAG1; PTK2; COL3A1",NA,10,TRUE
"Tier 2_CD8T_Trm_ZNF683_Hallmark_HALLMARK_MTORC1_SIGNALING","Tier 2","CD8T_Trm_ZNF683","Hallmark","HALLMARK_MTORC1_SIGNALING",-1.71408078214623,"Non_responder","CTSC; TPI1; GAPDH; MTHFD2; ENO1; SHMT2; HPRT1; ARPC5L; STIP1; SERPINH1; PPA1; GPI; HSPA4; CACYBP; PSMA4; CYB5B; LDHA; HSPE1; CCT6A; SEC11A; HSPD1; NAMPT; CD9; EIF2S2; PSMB5; SDF2L1; ACTR3; FKBP2; G6PD; PSMC4; LDLR; YKT6; EEF1E1; PRDX1; PITPNB; PPIA; RPA1; PGK1; PSMD14; PSMC6; ATP2A2; UCHL5; ATP5MC1; P4HA1; TBK1; CALR; PSMD13; PSME3",NA,48,TRUE
"Tier 2_cDC2_CD1C_Hallmark_HALLMARK_MITOTIC_SPINDLE","Tier 2","cDC2_CD1C","Hallmark","HALLMARK_MITOTIC_SPINDLE",1.7061824458292,"Responder","TIAM1; WASF2; NOTCH2; TRIO; VCL; EPB41; PREX1; DST; BIN1; DYNC1H1; PXN; NCK2; WASL; CYTH2; UXT; AKAP13; CDC42EP1; PCNT; ROCK1; CCDC88A; TUBGCP3; ARHGAP10; TLK1; KLC1; PLEKHG2; SSH2; ARHGEF7; ARFGEF1; EZR; PCGF5; SPTAN1; ATG4B; ARHGAP4; FLNA; NEDD9; SUN2; NET1; NUMA1; CSNK1D; ARHGAP5; TUBGCP2; BRCA2; RASA1; CLIP1; HOOK3; BCL2L11; KIF22; PAFAH1B1; MYO9B; RICTOR; RANBP9; ITSN1; PPP4R2; RAPGEF6; MARCKS; ABI1; CDC27; KATNA1",NA,58,TRUE
"Tier 2_CD8T_Trm_ZNF683_Hallmark_HALLMARK_E2F_TARGETS","Tier 2","CD8T_Trm_ZNF683","Hallmark","HALLMARK_E2F_TARGETS",-1.70217110548288,"Non_responder","MCM3; MTHFD2; HELLS; JPT1; LMNB1; MCM7; NUDT21; STMN1; RPA3; CDKN2A; BARD1; RANBP1; PTTG1; MCM5; MCM6; SLBP; SMC4; HMGB2; HMGA1; TUBB; AK2; LIG1; RAN; MYC; SMC1A; PCNA; DCTPP1; EZH2; ATAD2; POP7; DNMT1",NA,31,TRUE
"Tier 2_All_immune_Hallmark_HALLMARK_UNFOLDED_PROTEIN_RESPONSE","Tier 2","All_immune","Hallmark","HALLMARK_UNFOLDED_PROTEIN_RESPONSE",-1.70182350283524,"Non_responder","CKS1B; BAG3; MTHFD2; BANF1; PDIA6; HYOU1; DNAJA4; CALR; IFIT1; EXOSC1; YIF1A; NHP2; SLC1A4; LSM4; PSAT1; ATF3; EIF4G1; EIF4EBP1; EXOSC5; LSM1; SRPRB; KDELR3; ALDH18A1; PDIA5; ASNS; XBP1; EIF2S1; EXOSC4; DCP2; CCL2; WIPI1; KIF5B; ARFGAP1; KHSRP; SSR1; POP4; DKC1; HSP90B1; EXOSC2; XPOT; PREB; WFS1; SPCS1; SPCS3; VEGFA; DDX10; PAIP1; NABP1",NA,48,TRUE
"Tier 2_M_CXCL10_Hallmark_HALLMARK_GLYCOLYSIS","Tier 2","Mφ_CXCL10","Hallmark","HALLMARK_GLYCOLYSIS",-1.70155740749279,"Non_responder","TGFBI; SLC16A3; MIF; ISG20; GLRX; TPI1; PSMC4; AKR1A1; PGK1; VCAN; IER3; UGP2; NASP; CITED2; PKM; ALDOA; PGAM1; SOD1; SAP30; LDHA; GUSB",NA,21,TRUE
"Tier 2_Myeloid_cell_Hallmark_HALLMARK_DNA_REPAIR","Tier 2","Myeloid cell","Hallmark","HALLMARK_DNA_REPAIR",-1.69349569914527,"Non_responder","HPRT1; POLR2H; ZWINT; RFC2; NME1; TYMS; RPA3; PCNA; RFC4; NUDT9; POLR2G; RBX1; GTF2H5; POLD1; DAD1; DGUOK; CMPK2; FEN1; EDF1; MRPL40; SAC3D1; POLR2F; LIG1; RALA; APRT; ERCC1; SF3A3; PRIM1; NME4; NT5C; POLR2J; POLR2K; POLR2E; POLA2; SSRP1; ALYREF; RFC5; ITPA; TAF12; BRF2; DUT; GUK1; GTF2H3; AAAS; NUDT21; UPF3B; RPA2; POLE4; POLR2I; SNAPC4; NCBP2; POLD4",NA,52,TRUE
"Tier 2_cDC2_CD1C_Hallmark_HALLMARK_COMPLEMENT","Tier 2","cDC2_CD1C","Hallmark","HALLMARK_COMPLEMENT",-1.670220541031,"Non_responder","PFN1; CALM3; GNGT2; CTSB; MMP14; CTSC; CA2; LAP3; ATOX1; PSMB9; CTSD; CD59; SERPINA1; CALM1; SERPING1; GCA; GNAI2; HSPA1A; FCER1G; MMP12; RHOG; S100A9; MSRB1; IRF7; PPP4C; LAMP2; C1QC; GNB4; XPNPEP1; ADAM9; IRF1; PLA2G7; GNB2; CASP7; LCP2; CASP1",NA,36,TRUE
"Tier 2_cDC2_CD1C_Hallmark_HALLMARK_PROTEIN_SECRETION","Tier 2","cDC2_CD1C","Hallmark","HALLMARK_PROTEIN_SECRETION",-1.6581559636056,"Non_responder","SOD1; CTSC; CLTA; COPB2; TPD52; ANP32E; AP2S1; GALC; RER1; NAPA; SEC22B; COPE; CD63; RAB14; GLA; GBF1; IGF2R; LAMP2; VPS45; CLTC; ARCN1; LMAN1; BET1; M6PR; BNIP3; RAB9A",NA,26,TRUE
"Tier 2_All_immune_Hallmark_HALLMARK_ALLOGRAFT_REJECTION","Tier 2","All_immune","Hallmark","HALLMARK_ALLOGRAFT_REJECTION",-1.65074436905102,"Non_responder","IL2RA; GCNT1; NME1; GBP2; CDKN2A; BRCA1; CD7; STAT1; CXCL13; CCL22; TAP1; IRF7; CCL13; CCND2; GZMB; CD4; CCR5; LY75; CD80; LCP2; TRAF2; FAS; CXCL9; IL13; PSMB10; IL2RB; CXCR3; CD3D; TAP2; GZMA; ICAM1; CD2; CSF1; IFNAR2; IL2RG; BCAT1; ACHE; STAB1; IL10; CCL19; THY1; LTB; MRPL3; IRF4; CCR1; CD28; HLA-A; CCL2; HLA-G",NA,49,TRUE
"Tier 2_All_immune_Hallmark_HALLMARK_ADIPOGENESIS","Tier 2","All_immune","Hallmark","HALLMARK_ADIPOGENESIS",-1.64605077364405,"Non_responder","AK2; CDKN2C; NDUFAB1; PRDX3; ENPP2; COQ3; SLC25A10; MTCH2; COQ9; COX8A; UQCRQ; UQCR10; SOD1; HIBCH; COX6A1; FAH; ETFB; GADD45A; CYC1; ECHS1; EPHX2; MDH2; NDUFS3; COQ5; AIFM1; UQCRC1; COX7B; SQOR; PLIN2; DNAJC15; MRPL15; ANGPTL4; NDUFB7; ABCB8; SDHC; UCP2; IMMT; IDH1; YWHAG; CCNG2; TANK; CRAT; SUCLG1; REEP5; TST; PFKL; C3; CMBL; MAP4K3; GPD2; UQCR11; GHITM; IDH3G; STAT5A; ACLY; IDH3A; ECH1; SDHB; PREB",NA,59,TRUE
"Tier 2_T_NK_cell_Hallmark_HALLMARK_INFLAMMATORY_RESPONSE","Tier 2","T/NK cell","Hallmark","HALLMARK_INFLAMMATORY_RESPONSE",-1.64225372877697,"Non_responder","IL1A; EBI3; PTGIR; TNFSF10; CCL22; IL1R1; CD70; CSF1; CD82; TNFRSF9; CCRL2; BST2; EIF2AK2; ADGRE1; PVR; CXCL10; ITGB8; IRF7; LY6E; GNA15; LTA; RTP4; SERPINE1; TNFRSF1B; NAMPT; ATP2C1; IL15RA; IRAK2; NMI; SLAMF1; IL4R; IL2RB; SGMS2; C3AR1; RGS1; ADRM1; IL18R1; RHOG; CXCL8; LAMP3; ATP2A2; LDLR; ADM; LIF; RGS16; SLC31A2; CD40; TLR2; NOD2; CXCR6; SRI; SELL",NA,52,TRUE
"Tier 2_CD8T_prf_MKI67_Hallmark_HALLMARK_HEME_METABOLISM","Tier 2","CD8T_prf_MKI67","Hallmark","HALLMARK_HEME_METABOLISM",1.6402038666382,"Responder","BTG2; EPB41; YPEL5; TENT5C; CAST; TNRC6B; USP15; RBM38; ISCA1; GYPC; ADD1; ELL2; BNIP3L; NARF; CCND3; RIOK3; NUDT4; AQP3; NR3C1; NCOA4; OPTN; RNF19A; PICALM",NA,23,TRUE
"Tier 2_CD8T_Trm_ZNF683_Hallmark_HALLMARK_ESTROGEN_RESPONSE_LATE","Tier 2","CD8T_Trm_ZNF683","Hallmark","HALLMARK_ESTROGEN_RESPONSE_LATE",-1.63980425359179,"Non_responder","SLC27A2; HPRT1; SGK1; IDH2; PPIF; BATF; FKBP4; CLIC3; FABP5; ETFB; ISG20; PTPN6; CD9; CISH; COX6C; AREG; MOCS2; ABHD2; BAG1; ARL3; DCXR; FDFT1; SNX10",NA,23,TRUE
"Tier 2_All_immune_Hallmark_HALLMARK_APOPTOSIS","Tier 2","All_immune","Hallmark","HALLMARK_APOPTOSIS",-1.63465753871859,"Non_responder","TOP2A; HSPB1; BRCA1; CDK2; TNFSF10; KRT18; TAP1; HMGB2; CCND2; SOD1; BCL2L1; CD38; GADD45A; CFLAR; CASP1; FAS; FDXR; ATF3; BTG3; CASP2; NEFH; CD2; GNA15; CASP7; CAV1; IFITM3; ERBB3; PEA15; NEDD9; DFFA; PAK1; PLAT; CD14; IER3; BIRC3; IL1A; CASP4; ISG20; SOD2; CCND1",NA,40,TRUE
"Tier 2_All_immune_Hallmark_HALLMARK_HYPOXIA","Tier 2","All_immune","Hallmark","HALLMARK_HYPOXIA",-1.63125986054386,"Non_responder","GPC1; MIF; TPI1; SDC4; P4HA2; GYS1; GAPDH; ENO1; CSRP2; PGF; AK4; CAVIN3; PGM2; EFNA1; PRDX5; ALDOC; LXN; GPI; PFKP; RBPJ; GALK1; SLC37A4; ATF3; HS3ST1; PLIN2; TMEM45A; STBD1; HDLBP; LDHA; KDELR3; ANGPTL4; CAV1; UGP2; COL5A1; PGK1; SERPINE1; IER3; SDC3; CCNG2; ISG20; SLC2A5; TGFBI; GRHPR; CP; SIAH2; PFKL",NA,46,TRUE
"Tier 2_All_immune_Hallmark_HALLMARK_UV_RESPONSE_UP","Tier 2","All_immune","Hallmark","HALLMARK_UV_RESPONSE_UP",-1.63122632622766,"Non_responder","EPCAM; CNP; CDK2; POLR2H; FEN1; PDAP1; GGH; CTSV; RFC4; TAP1; SLC6A8; PSMC3; SELENOW; CYB5B; FKBP4; CHRNA5; CLTB; STIP1; RAB27A; MMP14; MSX1; BAK1; PARP2; MAOA; ATF3; BTG3; AP2S1; DNAJB1; ICAM1; FURIN; NAT1; ASNS; ATP6V1C1; SIGMAR1; SOD2; TST; YKT6; PPAT; BCL2L11; UROD; BSG; CA2; CCNE1; IGFBP2; PPT1; HNRNPU; CDKN2B; CASP3; MGAT1; CREG1; TFRC; PPIF; CDC34; IRF1; KLHDC3; RHOB; ATP6V1F; ALAS1; HYAL2; RPN1; RASGRP1; SPR; SLC6A12",NA,63,TRUE
"Tier 2_T_NK_cell_Hallmark_HALLMARK_CHOLESTEROL_HOMEOSTASIS","Tier 2","T/NK cell","Hallmark","HALLMARK_CHOLESTEROL_HOMEOSTASIS",-1.62618157247401,"Non_responder","PLSCR1; GLDC; S100A11; CD9; LGMN; PMVK; ANXA5; FABP5; ETHE1; LGALS3; MAL2; FDPS; TMEM97; GUSB; SQLE; TP53INP1; SCD; ATF3; HSD17B7; ACAT2; LDLR; ALDOC; FDFT1; ECH1; ACTG1; CTNNB1; NSDHL",NA,27,TRUE
"Tier 2_T_NK_cell_Hallmark_HALLMARK_UV_RESPONSE_UP","Tier 2","T/NK cell","Hallmark","HALLMARK_UV_RESPONSE_UP",-1.62190209039228,"Non_responder","HMOX1; TST; GGH; EPCAM; IGFBP2; AP2S1; CDK2; CNP; RAB27A; FEN1; RFC4; NAT1; STIP1; CYB5B; POLR2H; CHRNA5; GRINA; FURIN; PSMC3; FKBP4; PDAP1; PARP2; BCL2L11; ASNS; TAP1; PPIF; BTG3; CDKN2B; UROD; ATP6V1F; BAK1; TFRC; PPT1; ATF3",NA,34,TRUE
"Tier 2_CD8T_Trm_ZNF683_Hallmark_HALLMARK_ALLOGRAFT_REJECTION","Tier 2","CD8T_Trm_ZNF683","Hallmark","HALLMARK_ALLOGRAFT_REJECTION",-1.61202445673416,"Non_responder","GZMB; GBP2; HLA-DRA; IRF7; GZMA; PRF1; CD7; CSF1; CD74; HLA-DMA; STAT1; CD3D; CDKN2A; PSMB10; TAP1; HLA-DMB; NCF4; CXCL13; CAPG; PTPN6",NA,20,TRUE
"Tier 2_CD8T_prf_MKI67_Hallmark_HALLMARK_HYPOXIA","Tier 2","CD8T_prf_MKI67","Hallmark","HALLMARK_HYPOXIA",1.60676706316886,"Responder","PNRC1; CITED2; IDS; SLC2A3; BTG1; ZFP36; FOS; ZNF292; RORA; CXCR4; ETS1; PFKFB3; DUSP1; TIPARP; KLF6; TNFAIP3; CDKN1B; PPP1R15A; BNIP3L; TES",NA,20,TRUE
"Tier 2_Myeloid_cell_Hallmark_HALLMARK_UV_RESPONSE_DN","Tier 2","Myeloid cell","Hallmark","HALLMARK_UV_RESPONSE_DN",1.60459215507896,"Responder","TGFBR2; FYN; NOTCH2; MET; SMAD3; ADD3; NR1D2; PHF3; AKT3; CDK13; SYNE1; MT1E; VAV2; NIPBL; ATRX; ATP2B1; NR3C1; PRDM2; SCAF8; PRKCE; RXRA; CELF2; GRK5; MAPK14; ICA1; RND3; TFPI; MAP2K5; IGF1R; SPOP; DYRK1A; PPARG; PDLIM5; ADORA2B; MTA1; MAGI2; YTHDC1; ARHGEF9; RASA2; DLG1; ACVR2A; ATP2B4; WDR37; MGLL; PIK3CD; SLC7A1; BMPR1A; CITED2; MIOS; RUNX1; ATRN",NA,51,TRUE
"Tier 2_M_CXCL10_Hallmark_HALLMARK_MYC_TARGETS_V1","Tier 2","Mφ_CXCL10","Hallmark","HALLMARK_MYC_TARGETS_V1",1.60417616663954,"Responder","EEF1B2; RPL6; RPLP0; RACK1; RPS6; PABPC4; RPS3; RPS5; RPL18; RPL14; RPS2; PABPC1; NAP1L1; RPL22; HNRNPA1; CNBP; RPL34; EIF4G2; YWHAQ; NPM1; RSL1D1; PHB2; RNPS1; HDGF; HNRNPR; SERBP1; EIF4H; CCT2; SLC25A3; ETF1; CCT7; DDX21; TUFM; EIF4A1",NA,34,TRUE
"Tier 2_T_NK_cell_Hallmark_HALLMARK_SPERMATOGENESIS","Tier 2","T/NK cell","Hallmark","HALLMARK_SPERMATOGENESIS",-1.60008276913935,"Non_responder","CDKN3; IL12RB2; CCNB2; BUB1; CDK1; TTK; NEK2; KIF2C; NCAPH; TALDO1; RFC4; EZH2; AURKA; PARP2; AGFG1; RPL39L; PSMG1; TOPBP1; NF2; PGS1; STRBP; NEFH",NA,22,TRUE
"Tier 2_Myeloid_cell_Hallmark_HALLMARK_ESTROGEN_RESPONSE_LATE","Tier 2","Myeloid cell","Hallmark","HALLMARK_ESTROGEN_RESPONSE_LATE",-1.59061755453775,"Non_responder","PERP; HPRT1; IDH2; GINS2; ST14; FKBP4; MICB; CDC20; TOP2A; STIL; CDH1; RNASEH2A; DCXR; HSPA4L; CA2; IGFBP4; KRT19; CISH; GLA; SLC1A4; ETFB; COX6C; DUSP2; ID2; UGDH; CCND1; ISG20; ELOVL5; NBL1; TSPAN13; SNX10; SIAH2; PRKAR2B",NA,33,TRUE
"Tier 2_T_NK_cell_Hallmark_HALLMARK_UV_RESPONSE_DN","Tier 2","T/NK cell","Hallmark","HALLMARK_UV_RESPONSE_DN",1.57719646259729,"Responder","SYNE1; CDK13; NR1D2; CITED2; PHF3; NIPBL; TGFBR3; PRKCE; SMAD3; MAPK14; DAB2; AKT3; SCAF8; MAP2K5; RASA2; TGFBR2; ERBB2; DYRK1A; PDGFRB; WDR37; ACVR2A; PDLIM5; ATP2B1; RXRA; KIT; BCKDHB; ARHGEF9; INPP4B; FYN; IGF1R",NA,30,TRUE
"Tier 2_cDC2_CD1C_Hallmark_HALLMARK_HYPOXIA","Tier 2","cDC2_CD1C","Hallmark","HALLMARK_HYPOXIA",-1.56641814477188,"Non_responder","TGM2; TPI1; MIF; ENO1; UGP2; PGK1; PRDX5; PFKP; PLAC8; HS3ST1; RRAGD; GPI; TPD52; GAPDH; P4HA1; GLRX; HK1; GALK1; FAM162A; FBP1; HDLBP; ANXA2; PFKL; ALDOA; XPNPEP1; SDC4; LDHA; PGM1; PGM2",NA,29,TRUE
"Tier 2_cDC2_CD1C_Hallmark_HALLMARK_XENOBIOTIC_METABOLISM","Tier 2","cDC2_CD1C","Hallmark","HALLMARK_XENOBIOTIC_METABOLISM",-1.55772631846005,"Non_responder","IDH1; CBR1; CA2; DCXR; HPRT1; GSTO1; PSMB10; TMBIM6; ALAS1; MTHFD1; CNDP2; ACOX1; SLC35B1; ADH5; ACP2; PTGES3; PGD; ATP2A2; NDRG2; FBP1",NA,20,TRUE
"Tier 2_cDC2_CD1C_Hallmark_HALLMARK_IL2_STAT5_SIGNALING","Tier 2","cDC2_CD1C","Hallmark","HALLMARK_IL2_STAT5_SIGNALING",-1.55361404606709,"Non_responder","TGM2; CXCL10; RGS16; IFITM3; SPP1; TNFSF10; LTB; CSF1; CAPG; GALM; CA2; BATF; SOCS1; GSTO1; RRAGD; SYNGR2; P4HA1; GBP4; SERPINB6; BCL2L1; CISH; ADAM19; PTRH2; CYFIP1; PLPP1; CCND3; NRP1; SLC39A8; IGF2R",NA,29,TRUE
"Tier 2_cDC2_CD1C_Hallmark_HALLMARK_DNA_REPAIR","Tier 2","cDC2_CD1C","Hallmark","HALLMARK_DNA_REPAIR",-1.53745619350646,"Non_responder","MRPL40; NME1; RBX1; POLR2K; RPA3; PCNA; POLR2G; HPRT1; RFC2; DAD1; GTF2H5; POLE4; POLR2H; SF3A3; NUDT9; DGUOK; EDF1; POLR2J; NME4; RPA2; SEC61A1; GUK1; POLR2F; NT5C; BCAP31; APRT; NT5C3A; ITPA; NELFB; SNAPC5; DUT; ALYREF; NUDT21; POLR2I; NCBP2; UPF3B; SSRP1",NA,37,TRUE
"Tier 2_Myeloid_cell_Hallmark_HALLMARK_SPERMATOGENESIS","Tier 2","Myeloid cell","Hallmark","HALLMARK_SPERMATOGENESIS",-1.51360739793281,"Non_responder","CDK1; BUB1; NCAPH; AURKA; KIF2C; CDKN3; CCNB2; RFC4; RPL39L; HSPA4L; HSPA1L; EZH2; SLC2A5; MAP7",NA,14,TRUE
"Tier 2_T_NK_cell_Hallmark_HALLMARK_APOPTOSIS","Tier 2","T/NK cell","Hallmark","HALLMARK_APOPTOSIS",-1.51163324540612,"Non_responder","IL1A; HMOX1; TNFSF10; TOP2A; HSPB1; BRCA1; WEE1; CDK2; GADD45A; CASP1; SOD1; CCND2; PEA15; CASP2; GNA15; HMGB2; CD38; FDXR; LGALS3; CFLAR; CASP7; DFFA; BCL2L11; TAP1; KRT18; FAS; CD2; PLAT; BIRC3; BTG3; SAT1; BCL2L1; PPT1; ATF3; NEDD9; ISG20; TSPO; CASP4; PAK1; NEFH; RHOB; BAX; PMAIP1; CAV1",NA,44,TRUE
"Tier 2_CD8T_Trm_ZNF683_Hallmark_HALLMARK_IL2_STAT5_SIGNALING","Tier 2","CD8T_Trm_ZNF683","Hallmark","HALLMARK_IL2_STAT5_SIGNALING",-1.51060354270032,"Non_responder","PLSCR1; TNFSF10; GSTO1; GBP4; CSF1; TNFRSF9; CTLA4; PLPP1; ITGAE; BATF; MXD1; CASP3; CAPG; IFITM3; PIM1; NFKBIZ; GALM; DCPS; IRF4; CISH; SYNGR2; MYC; IGF2R; PLIN2; CCND2; ICOS; MYO1E; RGS16; RHOH; TRAF1; ADAM19",NA,31,TRUE
"Tier 2_All_immune_Hallmark_HALLMARK_REACTIVE_OXYGEN_SPECIES_PATHWAY","Tier 2","All_immune","Hallmark","HALLMARK_REACTIVE_OXYGEN_SPECIES_PATHWAY",-1.48326475394446,"Non_responder","NQO1; PRDX2; PTPA; NDUFB4; PRDX1; SOD1; PFKP; SBNO2; NDUFA6; ATOX1; PRDX6; ERCC2; PRDX4; LAMTOR5; SOD2; NDUFS2",NA,16,TRUE
"Tier 2_All_immune_Hallmark_HALLMARK_APICAL_JUNCTION","Tier 2","All_immune","Hallmark","HALLMARK_APICAL_JUNCTION",-1.46501577672985,"Non_responder","LAYN; ACTG2; CDH1; CD274; LIMA1; CLDN4; TUBG1; MAPK11; FSCN1; ITGB4; ITGA2; NECTIN4; PFN1; MDK; YWHAH; VCAM1; ACTB; NECTIN2; TNFRSF11B; CTNND1; HRAS; TRAF1; ICAM1; CD209; ADAM9; GNAI1; CTNNA1; THY1; SDC3; CRAT; NF2; ACTN4; TGFBI; TJP1; MYL12B; MYH10; CLDN14; ACTG1; BMP1; MYL9; CD276; MPZL2; PARD6G; ITGA3; LAMB3; ARPC2; GAMT; JUP; NF1; RSU1; HADH; RAC2; SIRPA; PLCG1; ACTN1",NA,55,TRUE
"Tier 2_T_NK_cell_Hallmark_HALLMARK_ALLOGRAFT_REJECTION","Tier 2","T/NK cell","Hallmark","HALLMARK_ALLOGRAFT_REJECTION",-1.46416758838182,"Non_responder","IL2RA; GCNT1; CD80; CCL22; GBP2; NME1; NCF4; CSF1; CD7; CDKN2A; BRCA1; IL7; CD86; LY75; CCR1; BCAT1; IRF7; CXCL13; CCND2; STAT1; CD4; IRF4; TRAF2; HLA-DMA; HLA-DRA; CXCR3; IL13; CD74; GZMB; TAP1; FAS; CD2; LTB; IL4R; CD3D; IL2RB; CCR5; SIT1; EIF3J; CAPG; HLA-DQA1; GZMA; PSMB10; IFNAR2; LIF; IL2RG; MRPL3; HLA-A; HLA-DMB; CD40; IKBKB; TLR2; HLA-G; CD28; UBE2N; IL12RB1; MAP4K1; GALNT1; CSK; MTIF2; EIF4G3; TIMP1",NA,62,TRUE
"Tier 2_T_NK_cell_Hallmark_HALLMARK_PEROXISOME","Tier 2","T/NK cell","Hallmark","HALLMARK_PEROXISOME",-1.4509446705567,"Non_responder","TOP2A; SLC27A2; ACSL4; PRDX1; ISOC1; SOD1; PRDX5; CADM1; ACSL1; YWHAH; FDPS; CLN6; ERCC1; IDH1; SLC25A19; ACOT8; EPHX2; HRAS; SLC25A17; MVP; TSPO; FIS1; IDH2; CRABP2; ALDH1A1; ALDH9A1; ACAA1; MSH2; ECH1",NA,29,TRUE
"Tier 2_Myeloid_cell_Hallmark_HALLMARK_MITOTIC_SPINDLE","Tier 2","Myeloid cell","Hallmark","HALLMARK_MITOTIC_SPINDLE",-1.44555343551975,"Non_responder","CDK1; RACGAP1; BUB1; ANLN; TPX2; PRC1; NDC80; AURKA; KIF2C; BIRC5; TOP2A; NUSAP1; FSCN1; CCNB2; DLGAP5; KIF4A; ECT2; DOCK4; LMNB1; PLK1; KIF11; CAPZB; FBXO5; CENPF; MYO1E; SMC4; KIF23; INCENP; SAC3D1; CENPE; SASS6; GSN; PIF1",NA,33,TRUE
"Tier 2_cDC2_CD1C_Hallmark_HALLMARK_HEME_METABOLISM","Tier 2","cDC2_CD1C","Hallmark","HALLMARK_HEME_METABOLISM",1.43629415558112,"Responder","NR3C1; VEZF1; SMOX; TNRC6B; CAST; EPB41; KLF3; PICALM; MAP2K3; FOXO3; SLC10A3; ISCA1; BNIP3L; RBM5; PGLS; FOXJ2; USP15; CAT; GYPC; TENT5C; RBM38; NCOA4; SLC7A11; MKRN1; BLVRB; CLIC2; DAAM1; NNT; RIOK3; FBXO7; GCLC; LMO2; LRP10; ADIPOR1; TCEA1; CCDC28A; GAPVD1; FBXO9; TFDP2; DCUN1D1; MXI1; SEC14L1; NEK7; LPIN2; PSMD9",NA,45,TRUE
"Tier 2_T_NK_cell_Hallmark_HALLMARK_HYPOXIA","Tier 2","T/NK cell","Hallmark","HALLMARK_HYPOXIA",-1.42383198532114,"Non_responder","CAVIN3; HMOX1; SDC4; P4HA2; LXN; GAPDH; KDELR3; ENO1; HDLBP; TPI1; PRDX5; AK4; MIF; PGM2; CCNG2; PGF; GPC1; SERPINE1; HS3ST1; GYS1; GLRX; ACKR3; CSRP2; GPI; RBPJ; GALK1; PLIN2; PAM; NAGK; ATF3; SLC37A4; EFNA1; PFKP; HK1; PFKL; ISG20; GRHPR",NA,37,TRUE
"Tier 2_Myeloid_cell_Hallmark_HALLMARK_ADIPOGENESIS","Tier 2","Myeloid cell","Hallmark","HALLMARK_ADIPOGENESIS",-1.40947879387016,"Non_responder","AK2; ENPP2; MTCH2; UQCR10; NDUFAB1; COX8A; COQ3; COX6A1; ANGPTL4; UQCRQ; ECHS1; PRDX3; CDKN2C; SDHB; SQOR; UCP2; ETFB; DNAJC15; C3; COX7B; PLIN2; SDHC; NKIRAS1; IDH1; DBT; STOM; MDH2; PFKL; HIBCH; SLC5A6; PREB; NABP1; NDUFS3; MRPL15; COQ5; CYC1; NDUFB7; ABCB8; GPD2; UQCRC1; REEP5; COQ9; NMT1; CRAT; ADIPOR2; UQCR11; DLAT; YWHAG; AIFM1; STAT5A",NA,50,TRUE
"Tier 2_Myeloid_cell_Hallmark_HALLMARK_KRAS_SIGNALING_UP","Tier 2","Myeloid cell","Hallmark","HALLMARK_KRAS_SIGNALING_UP",-1.39506920606155,"Non_responder","PLAU; CXCL10; ETV5; PSMB8; IL7R; PLEK2; PRDM1; TMEM176B; TMEM176A; CFB; ANGPTL4; CA2; IL2RG; CFH; ENG; CMKLR1; CBX8; RGS16; NRP1; MAP7; SPP1; HSD11B1; CROT; TRAF1; BPGM; EPHB2; ID2; TNFAIP3; FCER1G; KCNN4; PDCD1LG2; TSPAN13; CCL20; PLVAP; EPB41L3; LAT2; G0S2; ADAM8; LY96; CAB39L; C3AR1; PLAT; ALDH1A2; CLEC4A",NA,44,TRUE
"Tier 2_Myeloid_cell_Hallmark_HALLMARK_IL2_STAT5_SIGNALING","Tier 2","Myeloid cell","Hallmark","HALLMARK_IL2_STAT5_SIGNALING",-1.36243065275876,"Non_responder","GALM; CXCL10; IL2RA; GBP4; P4HA1; LTB; IFITM3; SLC39A8; UCK2; MYO1E; CA2; SYNGR2; CISH; CAPG; BCL2L1; SOCS1; RGS16; MAFF; PLSCR1; ADAM19; NRP1; IKZF4; SPP1; DCPS; PLIN2; TNFSF10; TGM2; TRAF1; CD86; ECM1; IL10; GSTO1; ENO3; CD81; CTSZ; CYFIP1; PDCD2L; SWAP70; GADD45B; P2RX4; CD83; RHOH; CDCP1; TWSG1",NA,44,TRUE
"Tier 2_Myeloid_cell_Hallmark_HALLMARK_COMPLEMENT","Tier 2","Myeloid cell","Hallmark","HALLMARK_COMPLEMENT",-1.3379600612453,"Non_responder","MMP12; LAP3; MMP14; PFN1; GNB4; DOCK4; CTSB; GNGT2; CTSC; ATOX1; HSPA1A; PSMB9; CFB; IRF1; CA2; CFH; MAFF; PLSCR1; CTSH; ADAM9; C3; LCP2; CALM1; C1QC; CALM3; APOBEC3G; PLA2G7; TNFAIP3; FCER1G; CASP7; PPP4C; CCL5; CTSL; GPD2; GMFB; PPP2CB; SIRT6; C2; ANG; GRB2; GZMB; KIF2A; SERPING1; GNAI2; XPNPEP1; IRF7; PLAT; SRC; CASP1; CASP5; PDGFB",NA,51,TRUE
"Tier 2_All_immune_Hallmark_HALLMARK_ESTROGEN_RESPONSE_EARLY","Tier 2","All_immune","Hallmark","HALLMARK_ESTROGEN_RESPONSE_EARLY",-1.31590879351514,"Non_responder","SFN; KRT8; KRT19; SLC27A2; FOXC1; LAD1; ELF3; GJA1; KRT18; ARL3; OLFML3; TMPRSS3; INPP5F; TPD52L1; FHL2; FKBP4; IGFBP4; TIAM1; KCNK5; SLC1A1; MICB; MREG; SLC1A4",NA,23,TRUE
