"cohort","program_id","n_complete","n_events","logHR","SE","HR","lower_95","upper_95","P_value","Wald_z","model_status","beta_orig"
"LUAD","Tier 2_All_immune_Hallmark_HALLMARK_ADIPOGENESIS",477,172,0.13679876541663,0.0741113006885281,1.14659739025478,0.991578942646443,1.32585063961755,0.0649131631843574,1.84585568119446,"COMPLETE",0.13679876541663
"LUAD","Tier 2_All_immune_Hallmark_HALLMARK_ALLOGRAFT_REJECTION",310,108,-0.150246972473355,0.0998984185403433,0.860495431494738,0.707481162737691,1.04660367882876,0.132582008554204,-1.50399750735472,"COMPLETE",-0.150246972473355
"LUAD","Tier 2_All_immune_Hallmark_HALLMARK_APICAL_JUNCTION",455,165,0.0230113037014574,0.0768567693208122,1.02327810631207,0.880183213399111,1.1896365062609,0.764631020972215,0.299405034908566,"COMPLETE",0.0230113037014574
"LUAD","Tier 2_All_immune_Hallmark_HALLMARK_APOPTOSIS",469,167,0.0524836234537404,0.0748411136523532,1.0538853029358,0.910098663547423,1.22038881742211,0.483136235508192,0.701267269986571,"COMPLETE",0.0524836234537404
"LUAD","Tier 2_All_immune_Hallmark_HALLMARK_DNA_REPAIR",477,172,0.225210274023823,0.0770715745288098,1.25258607481629,1.07697131507,1.45683719971846,0.00347688204135293,2.92209255358651,"COMPLETE",0.225210274023823
"LUAD","Tier 2_All_immune_Hallmark_HALLMARK_E2F_TARGETS",474,171,0.246598488257625,0.0803972300697649,1.27966520900825,1.09310559291124,1.49806483267999,0.002160373315363,3.0672510488687,"COMPLETE",0.246598488257625
"LUAD","Tier 2_All_immune_Hallmark_HALLMARK_EPITHELIAL_MESENCHYMAL_TRANSITION",475,170,0.111943491308587,0.0748607902933762,1.11844965673276,0.96581694416514,1.295203653449,0.134821698813375,1.49535545737476,"COMPLETE",0.111943491308587
"LUAD","Tier 2_All_immune_Hallmark_HALLMARK_ESTROGEN_RESPONSE_EARLY",477,172,0.0649559008648959,0.0839817284603671,1.06711196463185,0.905158454940042,1.25804265412942,0.439254467505732,0.773452774260893,"COMPLETE",0.0649559008648959
"LUAD","Tier 2_All_immune_Hallmark_HALLMARK_ESTROGEN_RESPONSE_LATE",476,171,0.22916914419642,0.0779217527482022,1.25755472910579,1.07944315958737,1.46505527655654,0.00327137329171612,2.94101629023877,"COMPLETE",0.22916914419642
"LUAD","Tier 2_All_immune_Hallmark_HALLMARK_FATTY_ACID_METABOLISM",477,172,0.0659809636510455,0.0746364211192187,1.068206382223,0.922836007440251,1.23647632496158,0.37667909060198,0.884031718852816,"COMPLETE",0.0659809636510455
"LUAD","Tier 2_All_immune_Hallmark_HALLMARK_G2M_CHECKPOINT",477,172,0.254612258693222,0.0804626203497562,1.28996135259127,1.10175947064627,1.51031176541921,0.0015542732841161,3.16435454856515,"COMPLETE",0.254612258693222
"LUAD","Tier 2_All_immune_Hallmark_HALLMARK_GLYCOLYSIS",477,172,0.381690688970041,0.0841123454566521,1.46475894895742,1.24213729542201,1.72727989607777,5.68259121393053e-06,4.53786762095165,"COMPLETE",0.381690688970041
"LUAD","Tier 2_All_immune_Hallmark_HALLMARK_HYPOXIA",477,172,0.270605388774426,0.0778506847070732,1.31075772860315,1.12526757360068,1.52682425353756,0.000509039837250441,3.47595386980379,"COMPLETE",0.270605388774426
"LUAD","Tier 2_All_immune_Hallmark_HALLMARK_IL2_STAT5_SIGNALING",304,107,0.0069220258505779,0.0987477149771224,1.00694603844481,0.829759035463995,1.22196960925253,0.944115589835073,0.0700980863423682,"COMPLETE",0.0069220258505779
"LUAD","Tier 2_All_immune_Hallmark_HALLMARK_IL6_JAK_STAT3_SIGNALING",438,157,-0.0966170043261554,0.0799274242328404,0.90790366272863,0.776256806605036,1.06187675751417,0.226736163094672,-1.20880918224883,"COMPLETE",-0.0966170043261554
"LUAD","Tier 2_All_immune_Hallmark_HALLMARK_INFLAMMATORY_RESPONSE",458,161,-0.014762501873991,0.0782765840192834,0.985345929627624,0.845200173989193,1.14872976948315,0.850410957753766,-0.188594099486434,"COMPLETE",-0.014762501873991
"LUAD","Tier 2_All_immune_Hallmark_HALLMARK_INTERFERON_ALPHA_RESPONSE",477,172,0.0485958841884849,0.0758253134324901,1.0497960258347,0.904820226961836,1.21800072878433,0.521592447603677,0.640892625280759,"COMPLETE",0.0485958841884849
"LUAD","Tier 2_All_immune_Hallmark_HALLMARK_INTERFERON_GAMMA_RESPONSE",477,172,0.0271670986926159,0.0755241911641353,1.02753948892403,0.88616014340095,1.19147471160926,0.719061122523561,0.359713864840659,"COMPLETE",0.0271670986926159
"LUAD","Tier 2_All_immune_Hallmark_HALLMARK_MITOTIC_SPINDLE",477,172,0.27401246581059,0.0807927225346745,1.31523119755953,1.12261595888696,1.5408948085407,0.000694987709048124,3.39154885754704,"COMPLETE",0.27401246581059
"LUAD","Tier 2_All_immune_Hallmark_HALLMARK_MTORC1_SIGNALING",477,172,0.264979709879586,0.0803305472749591,1.30340452927522,1.11352953335907,1.52565631717946,0.000971623754219749,3.29861701268637,"COMPLETE",0.264979709879586
"LUAD","Tier 2_All_immune_Hallmark_HALLMARK_MYC_TARGETS_V1",477,172,0.270343107419724,0.0801528960253624,1.31041398637097,1.11990775236315,1.53332701917025,0.000743964506947253,3.37284266477634,"COMPLETE",0.270343107419724
"LUAD","Tier 2_All_immune_Hallmark_HALLMARK_MYC_TARGETS_V2",477,172,0.232825189799342,0.0813111995145021,1.26216082145474,1.07622351429918,1.48022220110352,0.00419142221515837,2.86338402568784,"COMPLETE",0.232825189799342
"LUAD","Tier 2_All_immune_Hallmark_HALLMARK_OXIDATIVE_PHOSPHORYLATION",477,172,0.130536480431502,0.0718651107718039,1.13943950638024,0.989736484630122,1.31178592368982,0.0693075565867801,1.81640964620509,"COMPLETE",0.130536480431502
"LUAD","Tier 2_All_immune_Hallmark_HALLMARK_REACTIVE_OXYGEN_SPECIES_PATHWAY",477,172,0.262934198265651,0.0785906725816227,1.30074112511367,1.1150500708379,1.51735560474929,0.000821000599940358,3.34561582982475,"COMPLETE",0.262934198265651
"LUAD","Tier 2_All_immune_Hallmark_HALLMARK_SPERMATOGENESIS",454,164,0.220527683957317,0.0817267697804247,1.24673443880347,1.06220417403859,1.46332202309924,0.00696834814271829,2.69835311673041,"COMPLETE",0.220527683957317
"LUAD","Tier 2_All_immune_Hallmark_HALLMARK_UNFOLDED_PROTEIN_RESPONSE",477,172,0.160691517859841,0.0767438376275485,1.17432265536717,1.01032934319834,1.36493481872265,0.0362716801265894,2.09386867828666,"COMPLETE",0.160691517859841
"LUAD","Tier 2_All_immune_Hallmark_HALLMARK_UV_RESPONSE_UP",476,171,0.245346559640517,0.0745999922061311,1.27806416192022,1.10421343908105,1.47928647141284,0.00100605405290758,3.28882822082054,"COMPLETE",0.245346559640517
"LUAD","Tier 2_All_immune_Hallmark_HALLMARK_XENOBIOTIC_METABOLISM",477,172,0.0796190419057868,0.0764635841696512,1.08287445929641,0.932163706289968,1.25795188836898,0.297751435428847,1.04126745784156,"COMPLETE",0.0796190419057868
"LUAD","Tier 2_CD8T_prf_MKI67_Hallmark_HALLMARK_E2F_TARGETS",477,172,0.270445739511576,0.0812276431858356,1.31054848380134,1.11766589044999,1.53671803270517,0.000870085971575613,3.32947908993051,"COMPLETE",0.270445739511576
"LUAD","Tier 2_CD8T_prf_MKI67_Hallmark_HALLMARK_G2M_CHECKPOINT",477,172,0.270152028411129,0.0815817008664319,1.31016361768646,1.11656257110249,1.53733319523185,0.000928207163954377,3.31142922422554,"COMPLETE",0.270152028411129
"LUAD","Tier 2_CD8T_prf_MKI67_Hallmark_HALLMARK_GLYCOLYSIS",477,172,0.330410853276527,0.0805991572852146,1.39153972969098,1.18819982280817,1.62967775464908,4.14163362383756e-05,4.0994331008612,"COMPLETE",0.330410853276527
"LUAD","Tier 2_CD8T_prf_MKI67_Hallmark_HALLMARK_HEME_METABOLISM",477,172,-0.136750604445624,0.0741632453084894,0.872187718749774,0.7541923071472,1.00864382933763,0.0651957567377761,-1.84391343551372,"COMPLETE",-0.136750604445624
"LUAD","Tier 2_CD8T_prf_MKI67_Hallmark_HALLMARK_HYPOXIA",477,172,-0.0301395255429604,0.0729628396106642,0.970310141054102,0.841016446436855,1.1194808066136,0.679547643003142,-0.41308049006573,"COMPLETE",-0.0301395255429604
"LUAD","Tier 2_CD8T_prf_MKI67_Hallmark_HALLMARK_INTERFERON_ALPHA_RESPONSE",477,172,0.0673934063535981,0.075658307080837,1.0697162285671,0.922291310208133,1.24070648502759,0.373057848102668,0.890760168365804,"COMPLETE",0.0673934063535981
"LUAD","Tier 2_CD8T_prf_MKI67_Hallmark_HALLMARK_INTERFERON_GAMMA_RESPONSE",477,172,0.0309513677347246,0.0759862005250448,1.03143534162963,0.888714849964523,1.19707560192688,0.683766514338431,0.407328798135171,"COMPLETE",0.0309513677347246
"LUAD","Tier 2_CD8T_prf_MKI67_Hallmark_HALLMARK_KRAS_SIGNALING_UP",477,172,-0.120600720375025,0.0749678506015216,0.886387805537014,0.765263540150422,1.02668335884692,0.107682133492859,-1.60869918781661,"COMPLETE",-0.120600720375025
"LUAD","Tier 2_CD8T_prf_MKI67_Hallmark_HALLMARK_MITOTIC_SPINDLE",477,172,0.277710270979802,0.0815936430265917,1.32010366945436,1.12500746285162,1.54903301146965,0.000665095919396268,3.40357729693838,"COMPLETE",0.277710270979802
"LUAD","Tier 2_CD8T_prf_MKI67_Hallmark_HALLMARK_OXIDATIVE_PHOSPHORYLATION",477,172,0.131048954585634,0.0718550625384266,1.14002358932838,0.99026333121505,1.31243250482726,0.0681829631523818,1.82379570702553,"COMPLETE",0.131048954585634
"LUAD","Tier 2_CD8T_prf_MKI67_Hallmark_HALLMARK_SPERMATOGENESIS",477,172,0.249295054135223,0.0808042952680489,1.28312056725238,1.09518307997148,1.50330882590786,0.0020343527513657,3.08517082301437,"COMPLETE",0.249295054135223
"LUAD","Tier 2_CD8T_prf_MKI67_Hallmark_HALLMARK_TNFA_SIGNALING_VIA_NFKB",477,172,0.0111801636612801,0.0754971834980273,1.01124289525622,0.872151966341951,1.17251606677596,0.882273980786609,0.148087162239268,"COMPLETE",0.0111801636612801
"LUAD","Tier 2_CD8T_prf_MKI67_Hallmark_HALLMARK_UV_RESPONSE_DN",477,172,-0.11940751787469,0.0733108956206539,0.887446076923322,0.768669459895487,1.02457633682191,0.103359030102608,-1.62878269135549,"COMPLETE",-0.11940751787469
"LUAD","Tier 2_CD8T_Trm_ZNF683_Hallmark_HALLMARK_ALLOGRAFT_REJECTION",477,172,-0.0348280979026934,0.075162530335256,0.965771420121589,0.833481351850183,1.11905855344359,0.643098833084557,-0.46337048190562,"COMPLETE",-0.0348280979026934
"LUAD","Tier 2_CD8T_Trm_ZNF683_Hallmark_HALLMARK_CHOLESTEROL_HOMEOSTASIS",477,172,0.0937753306758839,0.0761545899617275,1.0983129609651,0.946026286889675,1.27511399729699,0.218180323504466,1.23138120398274,"COMPLETE",0.0937753306758839
"LUAD","Tier 2_CD8T_Trm_ZNF683_Hallmark_HALLMARK_COMPLEMENT",477,172,0.0488231473531652,0.0736653172972586,1.05003463291407,0.908865444640851,1.21313087302453,0.507478000402643,0.66276979648579,"COMPLETE",0.0488231473531652
"LUAD","Tier 2_CD8T_Trm_ZNF683_Hallmark_HALLMARK_E2F_TARGETS",477,172,0.209236815989729,0.0784455141886261,1.23273689577397,1.05705467637025,1.43761745553279,0.00764660061843275,2.66728847600652,"COMPLETE",0.209236815989729
"LUAD","Tier 2_CD8T_Trm_ZNF683_Hallmark_HALLMARK_ESTROGEN_RESPONSE_LATE",476,172,0.0706140840464235,0.0746108284656945,1.07316699368038,0.927168044003318,1.24215605118598,0.343928232602713,0.946432113120033,"COMPLETE",0.0706140840464235
"LUAD","Tier 2_CD8T_Trm_ZNF683_Hallmark_HALLMARK_FATTY_ACID_METABOLISM",477,172,0.100341708390844,0.0730441625566988,1.10554862878145,0.958081703170513,1.27571350810258,0.169530830398603,1.37371290023287,"COMPLETE",0.100341708390844
"LUAD","Tier 2_CD8T_Trm_ZNF683_Hallmark_HALLMARK_GLYCOLYSIS",477,172,0.273562149296136,0.0831023097914866,1.31463906056548,1.11704255290951,1.54718891868794,0.000995229715342792,3.29187179011673,"COMPLETE",0.273562149296136
"LUAD","Tier 2_CD8T_Trm_ZNF683_Hallmark_HALLMARK_IL2_STAT5_SIGNALING",475,171,-0.0525056481422992,0.0764241111619584,0.94884896180671,0.816854611898615,1.10217208693854,0.492063897503657,-0.687029882899508,"COMPLETE",-0.0525056481422992
"LUAD","Tier 2_CD8T_Trm_ZNF683_Hallmark_HALLMARK_INTERFERON_ALPHA_RESPONSE",477,172,0.0451311344042568,0.0757074415279672,1.04616503914322,0.90189901283333,1.21350758072933,0.551091408088379,0.596125473181983,"COMPLETE",0.0451311344042568
"LUAD","Tier 2_CD8T_Trm_ZNF683_Hallmark_HALLMARK_INTERFERON_GAMMA_RESPONSE",477,172,0.013956611798805,0.0760292850989531,1.01405445998505,0.873665195030023,1.17700287669149,0.854351667159436,0.183568894283831,"COMPLETE",0.013956611798805
"LUAD","Tier 2_CD8T_Trm_ZNF683_Hallmark_HALLMARK_MTORC1_SIGNALING",477,172,0.299696325250602,0.0852604805493562,1.34944895177547,1.14178046342252,1.59488844991214,0.000439642595728008,3.51506727758954,"COMPLETE",0.299696325250602
"LUAD","Tier 2_CD8T_Trm_ZNF683_Hallmark_HALLMARK_OXIDATIVE_PHOSPHORYLATION",477,172,0.124372205628219,0.0715481883656133,1.13243729210038,0.984265435553567,1.30291502090429,0.0821579915063241,1.73829985733075,"COMPLETE",0.124372205628219
"LUAD","Tier 2_CD8T_Trm_ZNF683_Hallmark_HALLMARK_UV_RESPONSE_DN",477,172,-0.127497744261387,0.0724144864460127,0.88029540154831,0.763816631571811,1.01453668584362,0.0782949036920275,-1.76066627713282,"COMPLETE",-0.127497744261387
"LUAD","Tier 2_cDC2_CD1C_Hallmark_HALLMARK_ADIPOGENESIS",477,172,0.123969250938938,0.0724481945825682,1.13198106310919,0.982134906055682,1.30468952822778,0.0870546417269362,1.71114341293422,"COMPLETE",0.123969250938938
"LUAD","Tier 2_cDC2_CD1C_Hallmark_HALLMARK_COMPLEMENT",477,172,0.0174168073553505,0.0743176760213182,1.01756936434282,0.879639459072885,1.17712706105794,0.814708467419045,0.234356189372155,"COMPLETE",0.0174168073553505
"LUAD","Tier 2_cDC2_CD1C_Hallmark_HALLMARK_DNA_REPAIR",477,172,0.155450863850046,0.073346204282396,1.16818453456656,1.01176359829467,1.34878850069385,0.0340556194167987,2.11941252271941,"COMPLETE",0.155450863850046
"LUAD","Tier 2_cDC2_CD1C_Hallmark_HALLMARK_E2F_TARGETS",477,172,0.239194716297031,0.0797330392700605,1.27022584617861,1.08645579147024,1.48507993879507,0.00270028540756669,2.99994479687228,"COMPLETE",0.239194716297031
"LUAD","Tier 2_cDC2_CD1C_Hallmark_HALLMARK_FATTY_ACID_METABOLISM",477,172,0.0868434382547218,0.0742241860809776,1.09072590039929,0.943052529489036,1.26152356586799,0.241994785142658,1.17001536615001,"COMPLETE",0.0868434382547218
"LUAD","Tier 2_cDC2_CD1C_Hallmark_HALLMARK_GLYCOLYSIS",477,172,0.238917662323523,0.0790169543899805,1.26987397380675,1.08768031545498,1.4825862769036,0.00249765576177567,3.02362529874751,"COMPLETE",0.238917662323523
"LUAD","Tier 2_cDC2_CD1C_Hallmark_HALLMARK_HEME_METABOLISM",477,172,-0.0267063156560917,0.0744838388565476,0.973647144462493,0.841396761104672,1.12668458656217,0.719930398538178,-0.358551815616363,"COMPLETE",-0.0267063156560917
"LUAD","Tier 2_cDC2_CD1C_Hallmark_HALLMARK_HYPOXIA",477,172,0.129631647181039,0.0777251460664795,1.13840896993011,0.977549020234641,1.32573912508884,0.0953512240665062,1.66782121027039,"COMPLETE",0.129631647181039
"LUAD","Tier 2_cDC2_CD1C_Hallmark_HALLMARK_IL2_STAT5_SIGNALING",477,172,-0.0833035326767766,0.079109702430419,0.920071832965481,0.787922377042095,1.07438524717928,0.292335105895673,-1.0530128431471,"COMPLETE",-0.0833035326767766
"LUAD","Tier 2_cDC2_CD1C_Hallmark_HALLMARK_INTERFERON_ALPHA_RESPONSE",477,172,0.0450093145680111,0.0759100963601826,1.04603760325174,0.901431034262147,1.2138417980165,0.553228518875116,0.592929224519072,"COMPLETE",0.0450093145680111
"LUAD","Tier 2_cDC2_CD1C_Hallmark_HALLMARK_INTERFERON_GAMMA_RESPONSE",477,172,0.0077020169939388,0.0753517687501396,1.00773175382232,0.869371505447021,1.16811199964466,0.918586696504488,0.102214150001947,"COMPLETE",0.0077020169939388
"LUAD","Tier 2_cDC2_CD1C_Hallmark_HALLMARK_MITOTIC_SPINDLE",477,172,-0.0407641881532725,0.0727121318256245,0.960055495716291,0.832537221371696,1.10710552176447,0.57505368100339,-0.560624302022002,"COMPLETE",-0.0407641881532725
"LUAD","Tier 2_cDC2_CD1C_Hallmark_HALLMARK_MTORC1_SIGNALING",477,172,0.248695283207754,0.0776427595431027,1.28235121957896,1.10132970318203,1.49312657744947,0.00135970382917336,3.20307115140199,"COMPLETE",0.248695283207754
"LUAD","Tier 2_cDC2_CD1C_Hallmark_HALLMARK_MYC_TARGETS_V1",477,172,0.282789089045368,0.0811060083665031,1.3268252903156,1.13181691826258,1.55543297031071,0.000489092408239844,3.48666017155592,"COMPLETE",0.282789089045368
"LUAD","Tier 2_cDC2_CD1C_Hallmark_HALLMARK_MYC_TARGETS_V2",477,172,0.242038874262574,0.0821927376075986,1.27384371158861,1.08431024805499,1.49650693098636,0.00323192704002149,2.94477202375357,"COMPLETE",0.242038874262574
"LUAD","Tier 2_cDC2_CD1C_Hallmark_HALLMARK_OXIDATIVE_PHOSPHORYLATION",477,172,0.128291203702115,0.0720258239619157,1.13688401933339,0.987205734277386,1.30925624572241,0.0748824907655471,1.78118342346143,"COMPLETE",0.128291203702115
"LUAD","Tier 2_cDC2_CD1C_Hallmark_HALLMARK_PROTEIN_SECRETION",477,172,0.152132525238574,0.0758514036320799,1.16431452726867,1.00347252122327,1.35093716044791,0.0448919739888555,2.00566526067861,"COMPLETE",0.152132525238574
"LUAD","Tier 2_cDC2_CD1C_Hallmark_HALLMARK_UNFOLDED_PROTEIN_RESPONSE",477,172,0.225294235323317,0.0798456840084173,1.25269124798604,1.07122148307896,1.46490281194738,0.00477816522185364,2.8216207065064,"COMPLETE",0.225294235323317
"LUAD","Tier 2_cDC2_CD1C_Hallmark_HALLMARK_UV_RESPONSE_UP",477,172,0.123083340862041,0.0763813339521057,1.1309786737575,0.973729901055071,1.31362173340709,0.107085554110376,1.61143219807105,"COMPLETE",0.123083340862041
"LUAD","Tier 2_cDC2_CD1C_Hallmark_HALLMARK_WNT_BETA_CATENIN_SIGNALING",477,172,-0.13476056338889,0.0698744360062132,0.87392513631202,0.762073751372355,1.00219321621118,0.0537792480117807,-1.92861039160169,"COMPLETE",-0.13476056338889
"LUAD","Tier 2_cDC2_CD1C_Hallmark_HALLMARK_XENOBIOTIC_METABOLISM",477,172,-0.0305901949732979,0.0760737942543142,0.9698729504572,0.835527437491509,1.12582004829508,0.68760151064336,-0.402112123802253,"COMPLETE",-0.0305901949732979
"LUAD","Tier 2_ILC3_KIT_Hallmark_HALLMARK_APICAL_JUNCTION",477,172,-0.0513888346741282,0.0766997369706677,0.949909241063388,0.81732574347541,1.10399993327112,0.502857699566066,-0.670000142161907,"COMPLETE",-0.0513888346741282
"LUAD","Tier 2_ILC3_KIT_Hallmark_HALLMARK_APOPTOSIS",477,172,0.105685267079552,0.0749380180051948,1.11147200462131,0.959646252618984,1.28731812757612,0.158450408458886,1.41030240581257,"COMPLETE",0.105685267079552
"LUAD","Tier 2_ILC3_KIT_Hallmark_HALLMARK_GLYCOLYSIS",477,172,0.258856439211598,0.0806016674356843,1.29544781596822,1.10614397832375,1.51714883123981,0.0013202011564042,3.21155191259723,"COMPLETE",0.258856439211598
"LUAD","Tier 2_ILC3_KIT_Hallmark_HALLMARK_INTERFERON_ALPHA_RESPONSE",477,172,0.0411106078128902,0.0724811711234881,1.04196734890152,0.903978341724402,1.20101987632339,0.57058498548366,0.56719017057339,"COMPLETE",0.0411106078128902
"LUAD","Tier 2_ILC3_KIT_Hallmark_HALLMARK_INTERFERON_GAMMA_RESPONSE",477,172,-0.0358052310563711,0.0728094355879433,0.964828193752041,0.836516442415491,1.11282145365944,0.622884520751283,-0.491766359225838,"COMPLETE",-0.0358052310563711
"LUAD","Tier 2_ILC3_KIT_Hallmark_HALLMARK_OXIDATIVE_PHOSPHORYLATION",477,172,0.124172064189019,0.0717523605377442,1.13221066715022,0.983674746967337,1.30317566732381,0.0835295270095067,1.73056416901713,"COMPLETE",0.124172064189019
"LUAD","Tier 2_M_CXCL10_Hallmark_HALLMARK_COMPLEMENT",477,172,0.0212140572811634,0.0745979955004794,1.0214406750515,0.882501026309292,1.18225477540011,0.776120423861909,0.284378382272042,"COMPLETE",0.0212140572811634
"LUAD","Tier 2_M_CXCL10_Hallmark_HALLMARK_FATTY_ACID_METABOLISM",477,172,0.0814384907637603,0.0777106100479352,1.08484648745288,0.931581586945053,1.26332671000749,0.294651819782688,1.04797132223677,"COMPLETE",0.0814384907637603
"LUAD","Tier 2_M_CXCL10_Hallmark_HALLMARK_GLYCOLYSIS",477,172,0.235881316597331,0.0771412920380601,1.26602404520853,1.08837652842263,1.47266763035501,0.00222981125262274,3.05778280821317,"COMPLETE",0.235881316597331
"LUAD","Tier 2_M_CXCL10_Hallmark_HALLMARK_INTERFERON_ALPHA_RESPONSE",477,172,0.0572023197246457,0.0757943315899577,1.05887001901614,0.912696530866155,1.22845401429017,0.450426332785041,0.754704455131374,"COMPLETE",0.0572023197246457
"LUAD","Tier 2_M_CXCL10_Hallmark_HALLMARK_INTERFERON_GAMMA_RESPONSE",477,172,0.00413567512899425,0.0756505892997031,1.00414423883488,0.865769341410378,1.16463543366262,0.956402871763463,0.0546681151763412,"COMPLETE",0.00413567512899425
"LUAD","Tier 2_M_CXCL10_Hallmark_HALLMARK_MYC_TARGETS_V1",477,172,0.180806536051297,0.0820477527017987,1.1981833515863,1.02019715286719,1.40722147673498,0.0275472474809805,2.20367444686067,"COMPLETE",0.180806536051297
"LUAD","Tier 2_M_CXCL10_Hallmark_HALLMARK_OXIDATIVE_PHOSPHORYLATION",477,172,0.0920793201590048,0.0718670841801647,1.09645178936192,0.952392940705362,1.26230096319757,0.200107732656009,1.2812446923291,"COMPLETE",0.0920793201590048
"LUAD","Tier 2_M_CXCL10_Hallmark_HALLMARK_UV_RESPONSE_DN",477,172,0.0186082623507114,0.074205746249156,1.01878247498496,0.88088135958053,1.17827187514868,0.801995194619405,0.25076578690054,"COMPLETE",0.0186082623507114
"LUAD","Tier 2_Myeloid_cell_Hallmark_HALLMARK_ADIPOGENESIS",477,172,0.156690977329872,0.075664969991999,1.16963411459089,1.00842565898642,1.35661359845786,0.0383726007276113,2.07085230254424,"COMPLETE",0.156690977329872
"LUAD","Tier 2_Myeloid_cell_Hallmark_HALLMARK_ALLOGRAFT_REJECTION",295,103,-0.223838042944876,0.107346592598343,0.799444599578263,0.647760986735864,0.986647360495421,0.0370520559707435,-2.08519001420387,"COMPLETE",-0.223838042944876
"LUAD","Tier 2_Myeloid_cell_Hallmark_HALLMARK_COMPLEMENT",441,156,0.00687670767492128,0.0776307976224868,1.00690040652135,0.864782836398995,1.17237343987373,0.929413946272367,0.0885822107401528,"COMPLETE",0.00687670767492128
"LUAD","Tier 2_Myeloid_cell_Hallmark_HALLMARK_DNA_REPAIR",477,172,0.218399089924811,0.0776635625734824,1.24408346973633,1.06842040889571,1.44862796216228,0.0049216468685815,2.8121178412099,"COMPLETE",0.218399089924811
"LUAD","Tier 2_Myeloid_cell_Hallmark_HALLMARK_E2F_TARGETS",477,172,0.245532605005545,0.0802565401468371,1.27830196195387,1.09224223188505,1.49605633094315,0.00221820061359986,3.05934699597465,"COMPLETE",0.245532605005545
"LUAD","Tier 2_Myeloid_cell_Hallmark_HALLMARK_EPITHELIAL_MESENCHYMAL_TRANSITION",477,172,0.0505723207064949,0.0719664912314483,1.05187293279792,0.913493142347636,1.21121507700583,0.482230018826936,0.702720388907824,"COMPLETE",0.0505723207064949
"LUAD","Tier 2_Myeloid_cell_Hallmark_HALLMARK_ESTROGEN_RESPONSE_LATE",477,172,0.138176159105334,0.076426142520358,1.14817779443311,0.988450881330384,1.33371548604917,0.0706111979220486,1.80796981960103,"COMPLETE",0.138176159105334
"LUAD","Tier 2_Myeloid_cell_Hallmark_HALLMARK_FATTY_ACID_METABOLISM",477,172,0.110066295678042,0.0763640391300274,1.11635207732358,0.961169534661522,1.29658911940393,0.149489570830295,1.44133674609103,"COMPLETE",0.110066295678042
"LUAD","Tier 2_Myeloid_cell_Hallmark_HALLMARK_G2M_CHECKPOINT",477,172,0.263687611456483,0.0811830877616524,1.3017214898987,1.11023497630947,1.52623442192093,0.00116194406452583,3.24806087975676,"COMPLETE",0.263687611456483
"LUAD","Tier 2_Myeloid_cell_Hallmark_HALLMARK_GLYCOLYSIS",477,172,0.310460300458498,0.0828358535875533,1.36405284379838,1.15963466413117,1.60450546902934,0.00017832299248239,3.74789764350478,"COMPLETE",0.310460300458498
"LUAD","Tier 2_Myeloid_cell_Hallmark_HALLMARK_HYPOXIA",477,172,0.264119219219064,0.084870413341634,1.30228344426167,1.10271604212344,1.53796816624907,0.00185806010805421,3.11202937301471,"COMPLETE",0.264119219219064
"LUAD","Tier 2_Myeloid_cell_Hallmark_HALLMARK_IL2_STAT5_SIGNALING",476,172,-0.0006264510594546,0.0772567034515098,0.999373745120043,0.858948074683751,1.16275699529681,0.993530268200459,-0.00810869518717935,"COMPLETE",-0.0006264510594546
"LUAD","Tier 2_Myeloid_cell_Hallmark_HALLMARK_IL6_JAK_STAT3_SIGNALING",446,161,-0.109115212193281,0.0791044310440373,0.896627109171358,0.767852940374568,1.04699758329872,0.16777706881729,-1.37938179635647,"COMPLETE",-0.109115212193281
"LUAD","Tier 2_Myeloid_cell_Hallmark_HALLMARK_INFLAMMATORY_RESPONSE",438,153,-0.0421048600774011,0.0823532871861994,0.958769238684583,0.815858507299199,1.12671308177057,0.609161201626722,-0.511271152810243,"COMPLETE",-0.0421048600774011
"LUAD","Tier 2_Myeloid_cell_Hallmark_HALLMARK_INTERFERON_ALPHA_RESPONSE",477,172,0.0594052307131718,0.0758493644354144,1.06120518655522,0.914610678865807,1.23129597542883,0.433509609208523,0.783200111897513,"COMPLETE",0.0594052307131718
"LUAD","Tier 2_Myeloid_cell_Hallmark_HALLMARK_INTERFERON_GAMMA_RESPONSE",452,163,-0.039639204785714,0.0799821894385308,0.961136149925939,0.821682332452666,1.12425771153802,0.620176373121562,-0.495600396337964,"COMPLETE",-0.039639204785714
"LUAD","Tier 2_Myeloid_cell_Hallmark_HALLMARK_KRAS_SIGNALING_UP",477,172,-0.00743829217307028,0.0752654881740375,0.992589303458309,0.856452913446704,1.1503650812219,0.921275316441537,-0.0988273955769822,"COMPLETE",-0.00743829217307028
"LUAD","Tier 2_Myeloid_cell_Hallmark_HALLMARK_MITOTIC_SPINDLE",477,172,0.275950034074408,0.0811952446776027,1.31778201818403,1.12390618062216,1.54510178642123,0.000677320764908299,3.3985984668204,"COMPLETE",0.275950034074408
"LUAD","Tier 2_Myeloid_cell_Hallmark_HALLMARK_MTORC1_SIGNALING",477,172,0.276910055249478,0.0833177926766769,1.31904772428073,1.12031532104668,1.55303320970799,0.000888825273391457,3.32354046300837,"COMPLETE",0.276910055249478
"LUAD","Tier 2_Myeloid_cell_Hallmark_HALLMARK_MYC_TARGETS_V1",477,172,0.269995006560439,0.0800704793879956,1.30995790952127,1.1196988337783,1.53254578191076,0.000746334160669618,3.37196690495795,"COMPLETE",0.269995006560439
"LUAD","Tier 2_Myeloid_cell_Hallmark_HALLMARK_MYC_TARGETS_V2",477,172,0.218237427434172,0.0804808109589405,1.24388236436008,1.06236540538563,1.45641351697103,0.00669451361050484,2.71167033276432,"COMPLETE",0.218237427434172
"LUAD","Tier 2_Myeloid_cell_Hallmark_HALLMARK_OXIDATIVE_PHOSPHORYLATION",477,172,0.132376706997943,0.0722202813210557,1.14153826373297,0.99086949518955,1.31511729233042,0.0668088902026984,1.83295750967048,"COMPLETE",0.132376706997943
"LUAD","Tier 2_Myeloid_cell_Hallmark_HALLMARK_SPERMATOGENESIS",477,172,0.24468840664048,0.0802693277555902,1.27722327690367,1.09129320017386,1.49483136044892,0.00230107467047526,3.04834254231611,"COMPLETE",0.24468840664048
"LUAD","Tier 2_Myeloid_cell_Hallmark_HALLMARK_TNFA_SIGNALING_VIA_NFKB",469,167,0.0326019895992267,0.0765398917069014,1.03313925722965,0.889217477722501,1.20035508924413,0.670145967789642,0.425947683909345,"COMPLETE",0.0326019895992267
"LUAD","Tier 2_Myeloid_cell_Hallmark_HALLMARK_UNFOLDED_PROTEIN_RESPONSE",477,172,0.194251823068212,0.0781527893322488,1.21440205890641,1.04193042522624,1.41542306949709,0.0129355332494548,2.48553922039039,"COMPLETE",0.194251823068212
"LUAD","Tier 2_Myeloid_cell_Hallmark_HALLMARK_UV_RESPONSE_DN",477,172,-0.0791640707988859,0.0747383641417868,0.923888328913021,0.797998490785603,1.0696381686905,0.289501421832977,-1.05921599579973,"COMPLETE",-0.0791640707988859
"LUAD","Tier 2_Myeloid_cell_Hallmark_HALLMARK_UV_RESPONSE_UP",477,172,0.277789252865791,0.0777184676090204,1.32020793784948,1.13367419204072,1.53743378070847,0.000351163799543679,3.57430172534113,"COMPLETE",0.277789252865791
"LUAD","Tier 2_T_NK_cell_Hallmark_HALLMARK_ADIPOGENESIS",477,172,0.14413051370713,0.0725771218717446,1.1550348465677,1.00188374075155,1.33159711303919,0.0470450295389393,1.98589459033428,"COMPLETE",0.14413051370713
"LUAD","Tier 2_T_NK_cell_Hallmark_HALLMARK_ALLOGRAFT_REJECTION",310,108,-0.163192588920171,0.100365624135074,0.849427582319893,0.697742191561752,1.0340885592583,0.10395371632879,-1.62598091056101,"COMPLETE",-0.163192588920171
"LUAD","Tier 2_T_NK_cell_Hallmark_HALLMARK_ANGIOGENESIS",477,172,0.0402624103384663,0.0713351532247765,1.04108392953775,0.905242947697845,1.19730924289237,0.572473832809594,0.564411913598892,"COMPLETE",0.0402624103384663
"LUAD","Tier 2_T_NK_cell_Hallmark_HALLMARK_APOPTOSIS",469,167,0.0738297051386978,0.0747740403796851,1.07662344644362,0.929856764852656,1.24655547955907,0.323460886701807,0.987370814306781,"COMPLETE",0.0738297051386978
"LUAD","Tier 2_T_NK_cell_Hallmark_HALLMARK_CHOLESTEROL_HOMEOSTASIS",477,172,0.154992153458406,0.0766936217749406,1.16764879906431,1.00468636375101,1.35704411560444,0.0432874000907631,2.02092625007636,"COMPLETE",0.154992153458406
"LUAD","Tier 2_T_NK_cell_Hallmark_HALLMARK_DNA_REPAIR",477,172,0.224729769503304,0.0770018112527308,1.25198434612326,1.0766011471813,1.45593826185448,0.00351720119028603,2.91849978392987,"COMPLETE",0.224729769503304
"LUAD","Tier 2_T_NK_cell_Hallmark_HALLMARK_E2F_TARGETS",474,171,0.244712148350706,0.0799725333131837,1.27725360072857,1.09195412165582,1.49399752995145,0.00221372143019943,3.0599524388252,"COMPLETE",0.244712148350706
"LUAD","Tier 2_T_NK_cell_Hallmark_HALLMARK_EPITHELIAL_MESENCHYMAL_TRANSITION",476,171,0.126148597444534,0.0744688899037397,1.13445073223839,0.980387139778235,1.31272475092578,0.0902696262768421,1.69397714411477,"COMPLETE",0.126148597444534
"LUAD","Tier 2_T_NK_cell_Hallmark_HALLMARK_ESTROGEN_RESPONSE_LATE",477,172,0.246881441866899,0.0757151901080237,1.28002734612939,1.10349497848823,1.48480060061869,0.00111153494220273,3.26065934080956,"COMPLETE",0.246881441866899
"LUAD","Tier 2_T_NK_cell_Hallmark_HALLMARK_FATTY_ACID_METABOLISM",477,172,0.0618221112804244,0.0756572644756801,1.06377309466208,0.917169114486606,1.233810841483,0.413851944336198,0.817133843112937,"COMPLETE",0.0618221112804244
"LUAD","Tier 2_T_NK_cell_Hallmark_HALLMARK_G2M_CHECKPOINT",477,172,0.252184042731046,0.0804269742880605,1.28683284772425,1.09916419662177,1.506543592915,0.00171523143507836,3.13556546125699,"COMPLETE",0.252184042731046
"LUAD","Tier 2_T_NK_cell_Hallmark_HALLMARK_GLYCOLYSIS",477,172,0.351085731266486,0.0829151074050028,1.42060911131001,1.20752777334324,1.6712909563558,2.29285733268681e-05,4.23427940039433,"COMPLETE",0.351085731266486
"LUAD","Tier 2_T_NK_cell_Hallmark_HALLMARK_HYPOXIA",477,172,0.22734421509523,0.0768175808663972,1.25526187366995,1.07980937747263,1.45922271501049,0.00308105056687894,2.95953364491694,"COMPLETE",0.22734421509523
"LUAD","Tier 2_T_NK_cell_Hallmark_HALLMARK_IL2_STAT5_SIGNALING",310,108,0.000941521528368786,0.0951963011029611,1.0009419648989,0.830572713320045,1.20625780383615,0.992108797974804,0.00989031629863925,"COMPLETE",0.000941521528368786
"LUAD","Tier 2_T_NK_cell_Hallmark_HALLMARK_IL6_JAK_STAT3_SIGNALING",471,170,-0.0590836413344949,0.0760561988998042,0.942627923202327,0.81208436049706,1.09415652464588,0.437252058533327,-0.776841890459596,"COMPLETE",-0.0590836413344949
"LUAD","Tier 2_T_NK_cell_Hallmark_HALLMARK_INFLAMMATORY_RESPONSE",460,162,-0.00151958276051088,0.0785687917816795,0.998481571220775,0.8559771604091,1.16471033828873,0.984569241671196,-0.0193407932851172,"COMPLETE",-0.00151958276051088
"LUAD","Tier 2_T_NK_cell_Hallmark_HALLMARK_INTERFERON_ALPHA_RESPONSE",477,172,0.0529463311502244,0.0759385079283054,1.05437305661167,0.908563580614561,1.22358254967326,0.485661130974076,0.697226382169791,"COMPLETE",0.0529463311502244
"LUAD","Tier 2_T_NK_cell_Hallmark_HALLMARK_INTERFERON_GAMMA_RESPONSE",477,172,0.00791149921083279,0.0758248032647885,1.00794287781673,0.868747826199223,1.16944044555054,0.916900171632318,0.104339198655155,"COMPLETE",0.00791149921083279
"LUAD","Tier 2_T_NK_cell_Hallmark_HALLMARK_MITOTIC_SPINDLE",477,172,0.266027060130377,0.0798247434521122,1.30477036546542,1.11580201007065,1.5257417456068,0.000860264589330289,3.33263908690129,"COMPLETE",0.266027060130377
"LUAD","Tier 2_T_NK_cell_Hallmark_HALLMARK_MTORC1_SIGNALING",477,172,0.262102296238665,0.078722116473372,1.29965948590641,1.11383585490249,1.51648447288886,0.000870139334234234,3.32946201119125,"COMPLETE",0.262102296238665
"LUAD","Tier 2_T_NK_cell_Hallmark_HALLMARK_MYC_TARGETS_V1",477,172,0.264745478055733,0.0802009631390443,1.30309926620767,1.11355152402012,1.52491165515237,0.00096331897276614,3.30102616843571,"COMPLETE",0.264745478055733
"LUAD","Tier 2_T_NK_cell_Hallmark_HALLMARK_MYC_TARGETS_V2",477,172,0.237171306229903,0.0809316495610043,1.26765825693291,1.0817154794831,1.48556389073592,0.00338402092788753,2.93051368057349,"COMPLETE",0.237171306229903
"LUAD","Tier 2_T_NK_cell_Hallmark_HALLMARK_OXIDATIVE_PHOSPHORYLATION",477,172,0.118849135042349,0.0718567589132318,1.12620000135591,0.978252439189447,1.29652264818777,0.0981330102654602,1.6539729433923,"COMPLETE",0.118849135042349
"LUAD","Tier 2_T_NK_cell_Hallmark_HALLMARK_PEROXISOME",477,172,0.0475831162458068,0.0751982355533452,1.04873336427899,0.90501594455942,1.21527325122139,0.526884469234559,0.632769052301122,"COMPLETE",0.0475831162458068
"LUAD","Tier 2_T_NK_cell_Hallmark_HALLMARK_REACTIVE_OXYGEN_SPECIES_PATHWAY",477,172,0.192004786106712,0.0736768518765037,1.21167631616317,1.04875192040479,1.39991113874107,0.00915958983555842,2.6060394983834,"COMPLETE",0.192004786106712
"LUAD","Tier 2_T_NK_cell_Hallmark_HALLMARK_SPERMATOGENESIS",474,171,0.191247769372445,0.0783412308770094,1.21075940401803,1.03842150692104,1.41169874145293,0.0146379467736842,2.44121476304976,"COMPLETE",0.191247769372445
"LUAD","Tier 2_T_NK_cell_Hallmark_HALLMARK_UV_RESPONSE_DN",477,172,-0.121136485287286,0.0730769658485106,0.885913037245604,0.767693505821671,1.0223375652002,0.0973868798351297,-1.65765619687062,"COMPLETE",-0.121136485287286
"LUAD","Tier 2_T_NK_cell_Hallmark_HALLMARK_UV_RESPONSE_UP",477,172,0.237785719069553,0.0750710894456561,1.26843736176375,1.09488472907485,1.46950021129411,0.00153769493910063,3.16747393471206,"COMPLETE",0.237785719069553
"LUAD","Tier 2_T_NK_cell_Hallmark_HALLMARK_XENOBIOTIC_METABOLISM",477,172,0.138898087078446,0.0743792583089891,1.14900699537668,0.993141050308029,1.32933491674227,0.0618415097378468,1.86743038632397,"COMPLETE",0.138898087078446
"LUSC","Tier 2_All_immune_Hallmark_HALLMARK_ADIPOGENESIS",485,210,-0.0319819636166722,0.0712503518262681,0.968524050592701,0.842290689754824,1.11367589359149,0.65352727936264,-0.4488674483272,"COMPLETE",-0.0319819636166722
"LUSC","Tier 2_All_immune_Hallmark_HALLMARK_ALLOGRAFT_REJECTION",270,118,0.124844442502715,0.0942520977168746,1.13297219703874,0.941871642326787,1.36284599894286,0.185310496841699,1.32457998842357,"COMPLETE",0.124844442502715
"LUSC","Tier 2_All_immune_Hallmark_HALLMARK_APICAL_JUNCTION",478,205,0.103564720564067,0.0783164255580235,1.1091175737572,0.951293489174922,1.29312541966831,0.186038901098894,1.32238824520071,"COMPLETE",0.103564720564067
"LUSC","Tier 2_All_immune_Hallmark_HALLMARK_APOPTOSIS",483,209,0.0733972353799416,0.0749258103733784,1.07615794002745,0.929178278923002,1.24638719840339,0.327284187971759,0.979598819341166,"COMPLETE",0.0733972353799416
"LUSC","Tier 2_All_immune_Hallmark_HALLMARK_DNA_REPAIR",484,209,-0.135093342454496,0.0701962124546322,0.873634360706449,0.761339885516218,1.00249180520664,0.0542906356460027,-1.92451042200897,"COMPLETE",-0.135093342454496
"LUSC","Tier 2_All_immune_Hallmark_HALLMARK_E2F_TARGETS",485,210,-0.107832930558785,0.0669372155366273,0.897777575099467,0.787393258496304,1.0236366207792,0.107189242717814,-1.61095632219389,"COMPLETE",-0.107832930558785
"LUSC","Tier 2_All_immune_Hallmark_HALLMARK_EPITHELIAL_MESENCHYMAL_TRANSITION",484,210,0.0511326198607958,0.0702068215039,1.05246246145337,0.917162859877605,1.20772142138018,0.466421316936645,0.7283141262556,"COMPLETE",0.0511326198607958
"LUSC","Tier 2_All_immune_Hallmark_HALLMARK_ESTROGEN_RESPONSE_EARLY",485,210,0.0204553194714077,0.0741510427672592,1.02066596332962,0.882604526318189,1.18032366437696,0.782655464847775,0.275860172804468,"COMPLETE",0.0204553194714077
"LUSC","Tier 2_All_immune_Hallmark_HALLMARK_ESTROGEN_RESPONSE_LATE",484,210,-0.0716610913436911,0.0665837328826689,0.930846314232757,0.816961907750113,1.06060619534508,0.28181312122745,-1.07625523894807,"COMPLETE",-0.0716610913436911
"LUSC","Tier 2_All_immune_Hallmark_HALLMARK_FATTY_ACID_METABOLISM",485,210,-0.0900704753554992,0.0697485486059559,0.913866777915637,0.797100015105958,1.04773864251764,0.196578925645185,-1.29135985129027,"COMPLETE",-0.0900704753554992
"LUSC","Tier 2_All_immune_Hallmark_HALLMARK_G2M_CHECKPOINT",485,210,-0.0973847560952793,0.0680846338892377,0.90720688559554,0.793875852971686,1.03671667325711,0.152617012311642,-1.43034853141324,"COMPLETE",-0.0973847560952793
"LUSC","Tier 2_All_immune_Hallmark_HALLMARK_GLYCOLYSIS",485,210,0.0230601785419242,0.0722745099115684,1.02332812008846,0.888167206697368,1.17905776464972,0.749678146466984,0.319063782931763,"COMPLETE",0.0230601785419242
"LUSC","Tier 2_All_immune_Hallmark_HALLMARK_HYPOXIA",485,210,0.0833729835658057,0.072812893302365,1.08694714637386,0.94238850389068,1.25368050876322,0.252196523535352,1.14503049919454,"COMPLETE",0.0833729835658057
"LUSC","Tier 2_All_immune_Hallmark_HALLMARK_IL2_STAT5_SIGNALING",256,111,0.0909828884488447,0.0978026099454755,1.0952502636672,0.904198191134633,1.3266705815434,0.352231018126825,0.930270557192362,"COMPLETE",0.0909828884488447
"LUSC","Tier 2_All_immune_Hallmark_HALLMARK_IL6_JAK_STAT3_SIGNALING",441,188,0.0940187533481425,0.0759758178281953,1.09858034778372,0.946588213217387,1.27497761295221,0.215907966447544,1.23748261006874,"COMPLETE",0.0940187533481425
"LUSC","Tier 2_All_immune_Hallmark_HALLMARK_INFLAMMATORY_RESPONSE",473,207,0.0814659478688713,0.0743470157858269,1.08487627460585,0.937769097089437,1.25506005140881,0.273186986111785,1.095752761665,"COMPLETE",0.0814659478688713
"LUSC","Tier 2_All_immune_Hallmark_HALLMARK_INTERFERON_ALPHA_RESPONSE",485,210,0.0734801786332108,0.0719341111396217,1.07624720376989,0.934720160138498,1.23920301820694,0.30702100522316,1.02149282821593,"COMPLETE",0.0734801786332108
"LUSC","Tier 2_All_immune_Hallmark_HALLMARK_INTERFERON_GAMMA_RESPONSE",483,210,0.0729828419825001,0.0724714852353073,1.07571207966967,0.933271933688335,1.23989207922938,0.313907877538125,1.00705597167676,"COMPLETE",0.0729828419825001
"LUSC","Tier 2_All_immune_Hallmark_HALLMARK_MITOTIC_SPINDLE",485,210,-0.0888636944528987,0.0683990627121337,0.914970280599808,0.800176145284516,1.04623290673483,0.193877146544024,-1.29919462240138,"COMPLETE",-0.0888636944528987
"LUSC","Tier 2_All_immune_Hallmark_HALLMARK_MTORC1_SIGNALING",485,210,-0.0810263751462178,0.066654447296288,0.922169368771914,0.809234377514336,1.05086532200138,0.22413030687639,-1.21561843857237,"COMPLETE",-0.0810263751462178
"LUSC","Tier 2_All_immune_Hallmark_HALLMARK_MYC_TARGETS_V1",485,210,-0.114245384556309,0.0673378644161091,0.892039036420617,0.781746176498604,1.01789259278794,0.0897724115630551,-1.6965994622333,"COMPLETE",-0.114245384556309
"LUSC","Tier 2_All_immune_Hallmark_HALLMARK_MYC_TARGETS_V2",485,210,-0.0725666828773875,0.0684112203924681,0.930003729267904,0.813304085073304,1.06344841041128,0.288806980182146,-1.06074241127523,"COMPLETE",-0.0725666828773875
"LUSC","Tier 2_All_immune_Hallmark_HALLMARK_OXIDATIVE_PHOSPHORYLATION",485,210,-0.108843325420516,0.0728504876266603,0.896870923365869,0.777534193261063,1.0345235748482,0.135158768569984,-1.49406447323057,"COMPLETE",-0.108843325420516
"LUSC","Tier 2_All_immune_Hallmark_HALLMARK_REACTIVE_OXYGEN_SPECIES_PATHWAY",485,210,-0.0503844512342135,0.0716633462189103,0.9508637934626,0.826263103587236,1.09425429962047,0.482011236389161,-0.703071429016222,"COMPLETE",-0.0503844512342135
"LUSC","Tier 2_All_immune_Hallmark_HALLMARK_SPERMATOGENESIS",462,201,-0.105922456287758,0.0665918080287564,0.89949439550622,0.789433245542062,1.02490004331087,0.111694462633768,-1.59062292229726,"COMPLETE",-0.105922456287758
"LUSC","Tier 2_All_immune_Hallmark_HALLMARK_UNFOLDED_PROTEIN_RESPONSE",485,210,-0.0783108461272462,0.0685505590348546,0.924676949616567,0.808424915673748,1.05764610240843,0.253295746342758,-1.14238085334109,"COMPLETE",-0.0783108461272462
"LUSC","Tier 2_All_immune_Hallmark_HALLMARK_UV_RESPONSE_UP",484,210,-0.087501525983375,0.0684717418792409,0.916217473517179,0.801152731527855,1.04780827143571,0.201277029713083,-1.27792171751225,"COMPLETE",-0.087501525983375
"LUSC","Tier 2_All_immune_Hallmark_HALLMARK_XENOBIOTIC_METABOLISM",484,210,0.0826974157220679,0.0722625424308097,1.08621308781503,0.942768457311946,1.25148318549467,0.252456857986483,1.14440224409831,"COMPLETE",0.0826974157220679
"LUSC","Tier 2_CD8T_prf_MKI67_Hallmark_HALLMARK_E2F_TARGETS",485,210,-0.113918621184242,0.0682537175383518,0.892330569732784,0.780599199780218,1.02005465276396,0.0951081855894992,-1.66904639472906,"COMPLETE",-0.113918621184242
"LUSC","Tier 2_CD8T_prf_MKI67_Hallmark_HALLMARK_G2M_CHECKPOINT",485,210,-0.0994093819504128,0.0690513675540306,0.905371989195142,0.790770434316936,1.03658205118306,0.149968165045492,-1.43964392700301,"COMPLETE",-0.0994093819504128
"LUSC","Tier 2_CD8T_prf_MKI67_Hallmark_HALLMARK_GLYCOLYSIS",485,210,-0.0946809854421135,0.0704190251064695,0.909663083951369,0.792391462475242,1.04429056279713,0.178774796955431,-1.3445370096925,"COMPLETE",-0.0946809854421135
"LUSC","Tier 2_CD8T_prf_MKI67_Hallmark_HALLMARK_HEME_METABOLISM",485,210,0.158437712087968,0.0740157468973619,1.17167894051744,1.01345928545231,1.35459959700245,0.0323067403200376,2.14059465356303,"COMPLETE",0.158437712087968
"LUSC","Tier 2_CD8T_prf_MKI67_Hallmark_HALLMARK_HYPOXIA",485,210,0.0997595233492761,0.0702543113385135,1.10490518222771,0.962774174623131,1.2680184968521,0.155614306258416,1.41997724336937,"COMPLETE",0.0997595233492761
"LUSC","Tier 2_CD8T_prf_MKI67_Hallmark_HALLMARK_INTERFERON_ALPHA_RESPONSE",485,210,0.0602629189015052,0.0726746025389254,1.06211576014741,0.921109198447488,1.22470809091353,0.406982382116613,0.829215665393254,"COMPLETE",0.0602629189015052
"LUSC","Tier 2_CD8T_prf_MKI67_Hallmark_HALLMARK_INTERFERON_GAMMA_RESPONSE",484,210,0.0547501542599671,0.0724297806917592,1.05627667547716,0.916484973554283,1.21739084366013,0.44970515519919,0.755906669011858,"COMPLETE",0.0547501542599671
"LUSC","Tier 2_CD8T_prf_MKI67_Hallmark_HALLMARK_KRAS_SIGNALING_UP",485,210,0.0951464373232699,0.0728140203420259,1.09981989801641,0.953547136317188,1.26853069135585,0.191312953169096,1.3067049021101,"COMPLETE",0.0951464373232699
"LUSC","Tier 2_CD8T_prf_MKI67_Hallmark_HALLMARK_MITOTIC_SPINDLE",485,210,-0.0969386413371104,0.0681783687050543,0.907611694264764,0.794084191657074,1.03736983586987,0.155073089659252,-1.42183867373647,"COMPLETE",-0.0969386413371104
"LUSC","Tier 2_CD8T_prf_MKI67_Hallmark_HALLMARK_OXIDATIVE_PHOSPHORYLATION",485,210,-0.113163363834483,0.0729021804253769,0.893004763516846,0.774104027582185,1.03016840017554,0.120599285766235,-1.55226308972086,"COMPLETE",-0.113163363834483
"LUSC","Tier 2_CD8T_prf_MKI67_Hallmark_HALLMARK_SPERMATOGENESIS",485,210,-0.0952278106714045,0.0686146953759718,0.909165793204864,0.794763937472335,1.04003516083366,0.165178705625731,-1.38786319970681,"COMPLETE",-0.0952278106714045
"LUSC","Tier 2_CD8T_prf_MKI67_Hallmark_HALLMARK_TNFA_SIGNALING_VIA_NFKB",485,210,0.115495412516263,0.0713040431741139,1.12242936541001,0.976033915136916,1.2907826877696,0.105283915551309,1.61975965702591,"COMPLETE",0.115495412516263
"LUSC","Tier 2_CD8T_prf_MKI67_Hallmark_HALLMARK_UV_RESPONSE_DN",485,210,0.12361421144746,0.0698860195286691,1.13157923646457,0.986728977108252,1.29769328569871,0.0769276864976712,1.76879742588216,"COMPLETE",0.12361421144746
"LUSC","Tier 2_CD8T_Trm_ZNF683_Hallmark_HALLMARK_ALLOGRAFT_REJECTION",484,210,0.0502928458235274,0.0719069026673737,1.0515790018082,0.913344544225189,1.21073520834575,0.4842920256528,0.69941610551871,"COMPLETE",0.0502928458235274
"LUSC","Tier 2_CD8T_Trm_ZNF683_Hallmark_HALLMARK_CHOLESTEROL_HOMEOSTASIS",485,210,-0.0118439467117475,0.0732816470729636,0.98822591673345,0.856009901527277,1.14086351193047,0.871603312915352,-0.161622277675541,"COMPLETE",-0.0118439467117475
"LUSC","Tier 2_CD8T_Trm_ZNF683_Hallmark_HALLMARK_COMPLEMENT",484,210,0.0406663966811772,0.0725976893107464,1.04150459819337,0.9033705460563,1.20076067655004,0.575369602989729,0.560161033598593,"COMPLETE",0.0406663966811772
"LUSC","Tier 2_CD8T_Trm_ZNF683_Hallmark_HALLMARK_E2F_TARGETS",485,210,-0.112710130753071,0.0666138365219512,0.89340959455201,0.784059121649176,1.01801086371995,0.090647349366997,-1.69199278465112,"COMPLETE",-0.112710130753071
"LUSC","Tier 2_CD8T_Trm_ZNF683_Hallmark_HALLMARK_ESTROGEN_RESPONSE_LATE",484,209,0.045608646271227,0.0728883510504398,1.04666471465522,0.90732923923562,1.20739746668719,0.531490087011711,0.625732995930519,"COMPLETE",0.045608646271227
"LUSC","Tier 2_CD8T_Trm_ZNF683_Hallmark_HALLMARK_FATTY_ACID_METABOLISM",485,210,-0.0599627371170408,0.0718335154272674,0.941799627099677,0.818113793466432,1.08418479762679,0.403860755820864,-0.834745964476068,"COMPLETE",-0.0599627371170408
"LUSC","Tier 2_CD8T_Trm_ZNF683_Hallmark_HALLMARK_GLYCOLYSIS",485,210,0.00551493525177595,0.0670090051606656,1.00553017050145,0.881773285881535,1.14665633443166,0.934407037428712,0.0823014046925924,"COMPLETE",0.00551493525177595
"LUSC","Tier 2_CD8T_Trm_ZNF683_Hallmark_HALLMARK_IL2_STAT5_SIGNALING",483,210,0.0641360868440135,0.0720500270019394,1.06623748978375,0.925816367566596,1.22795667094162,0.373379720052502,0.890160483108314,"COMPLETE",0.0641360868440135
"LUSC","Tier 2_CD8T_Trm_ZNF683_Hallmark_HALLMARK_INTERFERON_ALPHA_RESPONSE",485,210,0.0868660332891173,0.0728254008694716,1.09075054566695,0.945662887096721,1.25809817547706,0.232948274201425,1.19279856000809,"COMPLETE",0.0868660332891173
"LUSC","Tier 2_CD8T_Trm_ZNF683_Hallmark_HALLMARK_INTERFERON_GAMMA_RESPONSE",483,210,0.0783638849474037,0.0726581375438938,1.0815161345175,0.937964246141443,1.24703809770302,0.280797891270546,1.07852867684728,"COMPLETE",0.0783638849474037
"LUSC","Tier 2_CD8T_Trm_ZNF683_Hallmark_HALLMARK_MTORC1_SIGNALING",485,210,-0.0338770825516165,0.0706453765919124,0.966690320442655,0.84169338966647,1.11025010664254,0.631556546044066,-0.479537150000766,"COMPLETE",-0.0338770825516165
"LUSC","Tier 2_CD8T_Trm_ZNF683_Hallmark_HALLMARK_OXIDATIVE_PHOSPHORYLATION",485,210,-0.116303240725155,0.0731381707498608,0.890205235882686,0.771320404820242,1.02741397354532,0.111793053088154,-1.59018525528787,"COMPLETE",-0.116303240725155
"LUSC","Tier 2_CD8T_Trm_ZNF683_Hallmark_HALLMARK_UV_RESPONSE_DN",485,210,0.0772607435505279,0.0714107413034104,1.08032372711603,0.939223567072911,1.24262145487589,0.279287863539558,1.08192048059356,"COMPLETE",0.0772607435505279
"LUSC","Tier 2_cDC2_CD1C_Hallmark_HALLMARK_ADIPOGENESIS",485,210,-0.0302348154355094,0.0720483132742316,0.970217684710169,0.842444988362316,1.11736952409707,0.674743785176157,-0.419646401997353,"COMPLETE",-0.0302348154355094
"LUSC","Tier 2_cDC2_CD1C_Hallmark_HALLMARK_COMPLEMENT",485,210,0.100101378558169,0.0747161025322496,1.1052829643893,0.954717788621022,1.27959324308154,0.180324545940138,1.33975642686879,"COMPLETE",0.100101378558169
"LUSC","Tier 2_cDC2_CD1C_Hallmark_HALLMARK_DNA_REPAIR",485,210,-0.145611761290533,0.0720042494967291,0.864493267791474,0.750708766249256,0.995524021639891,0.0431488566444184,-2.0222662177341,"COMPLETE",-0.145611761290533
"LUSC","Tier 2_cDC2_CD1C_Hallmark_HALLMARK_E2F_TARGETS",485,210,-0.113335423017765,0.0665345188348899,0.892851127064229,0.783690831751457,1.01721635982171,0.0884917659101538,-1.70340787011649,"COMPLETE",-0.113335423017765
"LUSC","Tier 2_cDC2_CD1C_Hallmark_HALLMARK_FATTY_ACID_METABOLISM",485,210,-0.0450009039980592,0.0732178114085144,0.955996617613622,0.828196215536387,1.10351812257047,0.538807753389515,-0.614616896249183,"COMPLETE",-0.0450009039980592
"LUSC","Tier 2_cDC2_CD1C_Hallmark_HALLMARK_GLYCOLYSIS",485,210,-0.0430074275046752,0.0702406914277024,0.957904275202125,0.834705214531827,1.09928701112184,0.540348216248187,-0.612286505592588,"COMPLETE",-0.0430074275046752
"LUSC","Tier 2_cDC2_CD1C_Hallmark_HALLMARK_HEME_METABOLISM",485,210,0.0899838872763797,0.0692272076018044,1.09415665371942,0.955329524320594,1.2531579443542,0.193657824567953,1.29983413160282,"COMPLETE",0.0899838872763797
"LUSC","Tier 2_cDC2_CD1C_Hallmark_HALLMARK_HYPOXIA",485,210,0.0644602033499109,0.071218771141909,1.06658313096437,0.927626576574616,1.22635509156982,0.365411716021006,0.90510131411098,"COMPLETE",0.0644602033499109
"LUSC","Tier 2_cDC2_CD1C_Hallmark_HALLMARK_IL2_STAT5_SIGNALING",485,210,0.0992542633822839,0.0730615935422579,1.10434705888237,0.957007712413246,1.27437053081502,0.174304698245487,1.35850121206125,"COMPLETE",0.0992542633822839
"LUSC","Tier 2_cDC2_CD1C_Hallmark_HALLMARK_INTERFERON_ALPHA_RESPONSE",485,210,0.0728733187836775,0.0726812449532156,1.07559427069322,0.932786157079972,1.24026608496173,0.316033291631387,1.00264268767803,"COMPLETE",0.0728733187836775
"LUSC","Tier 2_cDC2_CD1C_Hallmark_HALLMARK_INTERFERON_GAMMA_RESPONSE",485,210,0.0686647722507956,0.073223855482617,1.07107709419555,0.927881408149686,1.23637151432752,0.348379207416542,0.937737733123002,"COMPLETE",0.0686647722507956
"LUSC","Tier 2_cDC2_CD1C_Hallmark_HALLMARK_MITOTIC_SPINDLE",485,210,0.130399702481155,0.0742076364360013,1.13928366683796,0.985068012164257,1.31764229220278,0.0788790327276467,1.75722754077494,"COMPLETE",0.130399702481155
"LUSC","Tier 2_cDC2_CD1C_Hallmark_HALLMARK_MTORC1_SIGNALING",485,210,-0.0410549553382751,0.0694594812122139,0.959776383662635,0.837618077719494,1.09975026941218,0.554477959069638,-0.591063374240346,"COMPLETE",-0.0410549553382751
"LUSC","Tier 2_cDC2_CD1C_Hallmark_HALLMARK_MYC_TARGETS_V1",485,210,-0.117422546672178,0.0682127965288301,0.889209381305038,0.777931215120833,1.01640518908612,0.0851755029645428,-1.72141522775056,"COMPLETE",-0.117422546672178
"LUSC","Tier 2_cDC2_CD1C_Hallmark_HALLMARK_MYC_TARGETS_V2",485,210,-0.0816568447966206,0.0688646970547806,0.921588152211325,0.805228516168746,1.05476235036651,0.235718000702027,-1.18575770008346,"COMPLETE",-0.0816568447966206
"LUSC","Tier 2_cDC2_CD1C_Hallmark_HALLMARK_OXIDATIVE_PHOSPHORYLATION",485,210,-0.110720734259051,0.0723806144632181,0.895188709562951,0.776790857288067,1.03163266947644,0.12609063306365,-1.52970149645961,"COMPLETE",-0.110720734259051
"LUSC","Tier 2_cDC2_CD1C_Hallmark_HALLMARK_PROTEIN_SECRETION",485,210,-0.132630900876232,0.0714716380526471,0.875788285148623,0.76131145254622,1.00747876291405,0.0634943710637093,-1.85571374170177,"COMPLETE",-0.132630900876232
"LUSC","Tier 2_cDC2_CD1C_Hallmark_HALLMARK_UNFOLDED_PROTEIN_RESPONSE",485,210,-0.148135144542362,0.0667009887029147,0.862314569959085,0.756640771737846,0.982746959109615,0.0263588334688342,-2.22088378932663,"COMPLETE",-0.148135144542362
"LUSC","Tier 2_cDC2_CD1C_Hallmark_HALLMARK_UV_RESPONSE_UP",485,210,0.0280194367530128,0.0731906289758314,1.0284156732886,0.890981548887145,1.18704904538894,0.701847150813541,0.382828200072788,"COMPLETE",0.0280194367530128
"LUSC","Tier 2_cDC2_CD1C_Hallmark_HALLMARK_WNT_BETA_CATENIN_SIGNALING",485,210,-0.0762100192924198,0.0707727429521474,0.926621577714099,0.806604315303096,1.06449659640455,0.281557441857041,-1.07682726588609,"COMPLETE",-0.0762100192924198
"LUSC","Tier 2_cDC2_CD1C_Hallmark_HALLMARK_XENOBIOTIC_METABOLISM",485,210,-0.0141198098340071,0.0694748052823986,0.985979407156904,0.860460191876165,1.12980867739828,0.838950257566399,-0.203236407451787,"COMPLETE",-0.0141198098340071
"LUSC","Tier 2_ILC3_KIT_Hallmark_HALLMARK_APICAL_JUNCTION",485,210,0.131202546020458,0.0725242564446235,1.14019870063465,0.989117265504225,1.31435687381942,0.0704377957341287,1.80908502137679,"COMPLETE",0.131202546020458
"LUSC","Tier 2_ILC3_KIT_Hallmark_HALLMARK_APOPTOSIS",485,210,0.079615088623336,0.0735970250204146,1.08287017839628,0.937411964775825,1.25089914287621,0.279354529514954,1.08177047375559,"COMPLETE",0.079615088623336
"LUSC","Tier 2_ILC3_KIT_Hallmark_HALLMARK_GLYCOLYSIS",485,210,-0.0138479114505177,0.0730720903006944,0.98624752981327,0.854647157323384,1.1381120053205,0.849692907845631,-0.189510268469576,"COMPLETE",-0.0138479114505177
"LUSC","Tier 2_ILC3_KIT_Hallmark_HALLMARK_INTERFERON_ALPHA_RESPONSE",485,210,0.0744659033846354,0.0727613020488993,1.0773086103187,0.934126297156988,1.24243782173683,0.30610585393997,1.02342730665527,"COMPLETE",0.0744659033846354
"LUSC","Tier 2_ILC3_KIT_Hallmark_HALLMARK_INTERFERON_GAMMA_RESPONSE",485,210,0.0793446750347637,0.0736966451280751,1.08257739517344,0.936975546067729,1.25080512662153,0.281641617983237,1.07663890122641,"COMPLETE",0.0793446750347637
"LUSC","Tier 2_ILC3_KIT_Hallmark_HALLMARK_OXIDATIVE_PHOSPHORYLATION",485,210,-0.0786470449678055,0.0725451656672221,0.924366126550319,0.801850612693231,1.0656009016988,0.27831538531242,-1.08411145311286,"COMPLETE",-0.0786470449678055
"LUSC","Tier 2_M_CXCL10_Hallmark_HALLMARK_COMPLEMENT",485,210,0.116532300731051,0.0730630960192265,1.1235938027823,0.973683734410955,1.29658429019002,0.110722450837841,1.59495432140442,"COMPLETE",0.116532300731051
"LUSC","Tier 2_M_CXCL10_Hallmark_HALLMARK_FATTY_ACID_METABOLISM",485,210,0.035487038345861,0.0717748638515558,1.03612421815727,0.900154278495176,1.19263266431029,0.621008508486075,0.494421534804372,"COMPLETE",0.035487038345861
"LUSC","Tier 2_M_CXCL10_Hallmark_HALLMARK_GLYCOLYSIS",485,210,0.120638176536241,0.0732132942443963,1.12821662326101,0.977402004428341,1.3023021676193,0.099401260628375,1.6477632618679,"COMPLETE",0.120638176536241
"LUSC","Tier 2_M_CXCL10_Hallmark_HALLMARK_INTERFERON_ALPHA_RESPONSE",485,210,0.0910384854088473,0.0728402866348993,1.09531115794506,0.949589158162997,1.26339535619783,0.211359096590659,1.24983700112499,"COMPLETE",0.0910384854088473
"LUSC","Tier 2_M_CXCL10_Hallmark_HALLMARK_INTERFERON_GAMMA_RESPONSE",485,210,0.0790771223854487,0.0732249580898255,1.08228778746766,0.937591282160088,1.24931500237823,0.280177650306008,1.07992035022327,"COMPLETE",0.0790771223854487
"LUSC","Tier 2_M_CXCL10_Hallmark_HALLMARK_MYC_TARGETS_V1",485,210,-0.0507117953283447,0.0723179200215131,0.950552584754432,0.824933655045892,1.095300465506,0.483156899769617,-0.701234152105854,"COMPLETE",-0.0507117953283447
"LUSC","Tier 2_M_CXCL10_Hallmark_HALLMARK_OXIDATIVE_PHOSPHORYLATION",485,210,-0.0947965312388699,0.0725416938850556,0.909557982277699,0.789010509159555,1.04852307227987,0.191285114351209,-1.30678684439155,"COMPLETE",-0.0947965312388699
"LUSC","Tier 2_M_CXCL10_Hallmark_HALLMARK_UV_RESPONSE_DN",485,210,0.0624734691408638,0.0704322504771722,1.06446621733996,0.927213705797475,1.222035783955,0.375078419155534,0.887000894016756,"COMPLETE",0.0624734691408638
"LUSC","Tier 2_Myeloid_cell_Hallmark_HALLMARK_ADIPOGENESIS",485,210,-0.0222063858742126,0.071153548681938,0.97803836091781,0.850726338366636,1.12440275125766,0.754971326497036,-0.312091052176145,"COMPLETE",-0.0222063858742126
"LUSC","Tier 2_Myeloid_cell_Hallmark_HALLMARK_ALLOGRAFT_REJECTION",266,116,0.171453805832236,0.0962452031081038,1.18702930763479,0.982963465410387,1.43345976403676,0.0748427165887339,1.7814270248841,"COMPLETE",0.171453805832236
"LUSC","Tier 2_Myeloid_cell_Hallmark_HALLMARK_COMPLEMENT",460,201,0.0748797287993024,0.0782858952548983,1.07775452025916,0.924448619342353,1.25648389930571,0.338824393299675,0.956490675050653,"COMPLETE",0.0748797287993024
"LUSC","Tier 2_Myeloid_cell_Hallmark_HALLMARK_DNA_REPAIR",485,210,-0.142082044780173,0.0699314923556919,0.867550075610702,0.75643002287984,0.994993734948162,0.0421808032734918,-2.03173191353478,"COMPLETE",-0.142082044780173
"LUSC","Tier 2_Myeloid_cell_Hallmark_HALLMARK_E2F_TARGETS",485,210,-0.108401517274977,0.0668249012661116,0.897267255790309,0.787118935340339,1.02282957780118,0.104766417739883,-1.62217250188367,"COMPLETE",-0.108401517274977
"LUSC","Tier 2_Myeloid_cell_Hallmark_HALLMARK_EPITHELIAL_MESENCHYMAL_TRANSITION",485,210,0.0735145990467359,0.0709852253751342,1.07628424928125,0.936492387199037,1.2369430879364,0.300373672298008,1.03563239615335,"COMPLETE",0.0735145990467359
"LUSC","Tier 2_Myeloid_cell_Hallmark_HALLMARK_ESTROGEN_RESPONSE_LATE",485,210,-0.0907617973075539,0.0701885460830224,0.913235220080861,0.795862521484118,1.04791788114473,0.195971605533524,-1.29311408160808,"COMPLETE",-0.0907617973075539
"LUSC","Tier 2_Myeloid_cell_Hallmark_HALLMARK_FATTY_ACID_METABOLISM",485,210,-0.080298734523982,0.0696873182126611,0.922840620850737,0.805023855050142,1.0579000934564,0.249209383992379,-1.15227184204361,"COMPLETE",-0.080298734523982
"LUSC","Tier 2_Myeloid_cell_Hallmark_HALLMARK_G2M_CHECKPOINT",485,210,-0.10063169787099,0.0680859892014809,0.904266014661543,0.791300262560753,1.03335871850427,0.139405396601176,-1.4780088980304,"COMPLETE",-0.10063169787099
"LUSC","Tier 2_Myeloid_cell_Hallmark_HALLMARK_GLYCOLYSIS",485,210,-0.0197531446197953,0.0721406404625984,0.980440670490855,0.851167619815897,1.12934736469472,0.784227273458447,-0.273814378318923,"COMPLETE",-0.0197531446197953
"LUSC","Tier 2_Myeloid_cell_Hallmark_HALLMARK_HYPOXIA",485,210,0.119241245577682,0.0726648567612981,1.12664168282965,0.977087318707491,1.29908704901453,0.100802512692925,1.64097544387084,"COMPLETE",0.119241245577682
"LUSC","Tier 2_Myeloid_cell_Hallmark_HALLMARK_IL2_STAT5_SIGNALING",481,209,0.127647699098735,0.0739621769358714,1.13615266457376,0.982833547881879,1.3133891084609,0.0843742169108522,1.7258510280114,"COMPLETE",0.127647699098735
"LUSC","Tier 2_Myeloid_cell_Hallmark_HALLMARK_IL6_JAK_STAT3_SIGNALING",464,201,0.05938666437703,0.0753515580137112,1.06118548404591,0.915486486732666,1.23007236902952,0.430621903351481,0.788127889355969,"COMPLETE",0.05938666437703
"LUSC","Tier 2_Myeloid_cell_Hallmark_HALLMARK_INFLAMMATORY_RESPONSE",459,201,0.0847919039062853,0.0750649855683293,1.08849053250092,0.939570179344809,1.26101452067192,0.258653256336515,1.12957996680226,"COMPLETE",0.0847919039062853
"LUSC","Tier 2_Myeloid_cell_Hallmark_HALLMARK_INTERFERON_ALPHA_RESPONSE",485,210,0.0649270504568576,0.07253796289313,1.06708117846035,0.925663275046752,1.23010415571129,0.370746014595023,0.895076837938149,"COMPLETE",0.0649270504568576
"LUSC","Tier 2_Myeloid_cell_Hallmark_HALLMARK_INTERFERON_GAMMA_RESPONSE",467,202,0.0835935511968634,0.0742856463303786,1.087186918173,0.939879465455408,1.25758189053933,0.260462423677464,1.12529883397781,"COMPLETE",0.0835935511968634
"LUSC","Tier 2_Myeloid_cell_Hallmark_HALLMARK_KRAS_SIGNALING_UP",484,210,0.0862400467159928,0.0722752609624064,1.09006796413646,0.94609067673015,1.25595589900896,0.232784524937892,1.19321667701553,"COMPLETE",0.0862400467159928
"LUSC","Tier 2_Myeloid_cell_Hallmark_HALLMARK_MITOTIC_SPINDLE",485,210,-0.093322799621714,0.0685522219231395,0.910899414846826,0.796376921570953,1.04189074481406,0.173406646361858,-1.36133880133524,"COMPLETE",-0.093322799621714
"LUSC","Tier 2_Myeloid_cell_Hallmark_HALLMARK_MTORC1_SIGNALING",485,210,-0.0840742868977896,0.068027421868039,0.919362956936276,0.804603569009301,1.05049030248192,0.216500129618554,-1.23588818433952,"COMPLETE",-0.0840742868977896
"LUSC","Tier 2_Myeloid_cell_Hallmark_HALLMARK_MYC_TARGETS_V1",485,210,-0.116593918151031,0.0681271737243012,0.889946510920793,0.778706768007043,1.01707706268829,0.0870043916430357,-1.71141575053247,"COMPLETE",-0.116593918151031
"LUSC","Tier 2_Myeloid_cell_Hallmark_HALLMARK_MYC_TARGETS_V2",485,210,-0.0746752971113174,0.0682240499907178,0.928044776230724,0.811888731832696,1.06081914050584,0.273709570102266,-1.09455972082392,"COMPLETE",-0.0746752971113174
"LUSC","Tier 2_Myeloid_cell_Hallmark_HALLMARK_OXIDATIVE_PHOSPHORYLATION",485,210,-0.108571550846387,0.0726411624000851,0.897114703204196,0.77806468705464,1.03438030808438,0.135011426576505,-1.49462848967653,"COMPLETE",-0.108571550846387
"LUSC","Tier 2_Myeloid_cell_Hallmark_HALLMARK_SPERMATOGENESIS",485,210,-0.104862291656312,0.0667747252922573,0.900448513322137,0.789987348420665,1.02635507614774,0.116324648410805,-1.57038896374869,"COMPLETE",-0.104862291656312
"LUSC","Tier 2_Myeloid_cell_Hallmark_HALLMARK_TNFA_SIGNALING_VIA_NFKB",483,210,0.119089399528764,0.0739294317103478,1.12647061972953,0.974520597262817,1.30211312175232,0.107211905670586,1.61085235979292,"COMPLETE",0.119089399528764
"LUSC","Tier 2_Myeloid_cell_Hallmark_HALLMARK_UNFOLDED_PROTEIN_RESPONSE",485,210,-0.0683778881889579,0.0703893513376136,0.933907494276393,0.813557655290124,1.07206072267193,0.331337302537906,-0.971423757849281,"COMPLETE",-0.0683778881889579
"LUSC","Tier 2_Myeloid_cell_Hallmark_HALLMARK_UV_RESPONSE_DN",485,210,0.132655895973945,0.0730247273815782,1.14185701312548,0.989584679358068,1.31756025090205,0.0692801120601364,1.81658871906189,"COMPLETE",0.132655895973945
"LUSC","Tier 2_Myeloid_cell_Hallmark_HALLMARK_UV_RESPONSE_UP",484,210,-0.0088003853520003,0.0711453462464937,0.991238224695061,0.862221826874741,1.13955966721236,0.901556083461596,-0.123695867913975,"COMPLETE",-0.0088003853520003
"LUSC","Tier 2_T_NK_cell_Hallmark_HALLMARK_ADIPOGENESIS",485,210,-0.0457720877851847,0.0707336910050021,0.955259652725783,0.831596796973784,1.09731183122216,0.517564331072765,-0.647104472208976,"COMPLETE",-0.0457720877851847
"LUSC","Tier 2_T_NK_cell_Hallmark_HALLMARK_ALLOGRAFT_REJECTION",272,119,0.112385633793695,0.094031560322575,1.11894428018242,0.930612006420812,1.34539023085288,0.23201258364869,1.19519056589252,"COMPLETE",0.112385633793695
"LUSC","Tier 2_T_NK_cell_Hallmark_HALLMARK_ANGIOGENESIS",485,210,0.0303602851981348,0.0693676932109103,1.03082585835678,0.89978638377982,1.18094913349679,0.661624193247412,0.437671829533459,"COMPLETE",0.0303602851981348
"LUSC","Tier 2_T_NK_cell_Hallmark_HALLMARK_APOPTOSIS",483,209,0.0270072257108748,0.0757685375149655,1.02737522625301,0.885594260097829,1.1918548968484,0.721508230042031,0.356443803676961,"COMPLETE",0.0270072257108748
"LUSC","Tier 2_T_NK_cell_Hallmark_HALLMARK_CHOLESTEROL_HOMEOSTASIS",482,209,-0.0495670796816287,0.0704828932598544,0.951641320198588,0.828854201545902,1.0926182199719,0.481900097057219,-0.703249787134677,"COMPLETE",-0.0495670796816287
"LUSC","Tier 2_T_NK_cell_Hallmark_HALLMARK_DNA_REPAIR",484,209,-0.131053943811964,0.0690884079900187,0.877170455196671,0.766083018997741,1.0043663524569,0.0578408648179055,-1.89690206540723,"COMPLETE",-0.131053943811964
"LUSC","Tier 2_T_NK_cell_Hallmark_HALLMARK_E2F_TARGETS",485,210,-0.1027443200248,0.0671346644894909,0.902357658773272,0.791103996976715,1.02925702241237,0.125912481769302,-1.53042129287595,"COMPLETE",-0.1027443200248
"LUSC","Tier 2_T_NK_cell_Hallmark_HALLMARK_EPITHELIAL_MESENCHYMAL_TRANSITION",485,210,0.0627765522263809,0.0698579315958104,1.06478888794107,0.928539388226508,1.22103099799381,0.368848864868835,0.898631705696621,"COMPLETE",0.0627765522263809
"LUSC","Tier 2_T_NK_cell_Hallmark_HALLMARK_ESTROGEN_RESPONSE_LATE",485,210,-0.0602933404850989,0.0666697000713249,0.941488316433935,0.826162700006002,1.07291245413908,0.365805093409628,-0.904358957976346,"COMPLETE",-0.0602933404850989
"LUSC","Tier 2_T_NK_cell_Hallmark_HALLMARK_FATTY_ACID_METABOLISM",485,210,-0.0675726404366532,0.0693931016800845,0.934659824052298,0.815804431106039,1.07083138236096,0.330172757103019,-0.973765962331184,"COMPLETE",-0.0675726404366532
"LUSC","Tier 2_T_NK_cell_Hallmark_HALLMARK_G2M_CHECKPOINT",485,210,-0.0962681819050944,0.0679537858061946,0.90822041512431,0.794966618356248,1.03760875413127,0.1565790353337,-1.41667135631932,"COMPLETE",-0.0962681819050944
"LUSC","Tier 2_T_NK_cell_Hallmark_HALLMARK_GLYCOLYSIS",485,210,0.0197518663253337,0.0708000362964315,1.01994822512382,0.887795677900401,1.17177229832148,0.780259390749403,0.278981019764382,"COMPLETE",0.0197518663253337
"LUSC","Tier 2_T_NK_cell_Hallmark_HALLMARK_HYPOXIA",485,210,0.077621560969448,0.0731931020782784,1.08071359706655,0.936286009925418,1.24741998332065,0.288915474041496,1.06050377379051,"COMPLETE",0.077621560969448
"LUSC","Tier 2_T_NK_cell_Hallmark_HALLMARK_IL2_STAT5_SIGNALING",270,118,0.0747567478552336,0.0950674021161172,1.0776219851406,0.894427047230561,1.29833858049579,0.431659410420547,0.786355219467597,"COMPLETE",0.0747567478552336
"LUSC","Tier 2_T_NK_cell_Hallmark_HALLMARK_IL6_JAK_STAT3_SIGNALING",481,209,0.0536552189714481,0.0724435801348015,1.05512075381594,0.915457270825369,1.21609149942016,0.45890667649344,0.740648362099272,"COMPLETE",0.0536552189714481
"LUSC","Tier 2_T_NK_cell_Hallmark_HALLMARK_INFLAMMATORY_RESPONSE",480,209,0.098631352266897,0.0733729618633302,1.10365936303308,0.955828275289351,1.27435442233788,0.178868667086805,1.34424656933728,"COMPLETE",0.098631352266897
"LUSC","Tier 2_T_NK_cell_Hallmark_HALLMARK_INTERFERON_ALPHA_RESPONSE",485,210,0.078546412259821,0.0720677175745309,1.08171355876798,0.939221706359409,1.24582323353451,0.275758377189831,1.08989732023343,"COMPLETE",0.078546412259821
"LUSC","Tier 2_T_NK_cell_Hallmark_HALLMARK_INTERFERON_GAMMA_RESPONSE",484,210,0.0744402626009154,0.072489452619524,1.07728098763576,0.934600182175462,1.24174416874189,0.304462073229446,1.02691163901638,"COMPLETE",0.0744402626009154
"LUSC","Tier 2_T_NK_cell_Hallmark_HALLMARK_MITOTIC_SPINDLE",485,210,-0.0799998153805451,0.0691291577093955,0.923116516811888,0.806145948945069,1.05705933860492,0.247169658269527,-1.15725141215878,"COMPLETE",-0.0799998153805451
"LUSC","Tier 2_T_NK_cell_Hallmark_HALLMARK_MTORC1_SIGNALING",485,210,-0.0810347440846577,0.0665261905122052,0.922161651225529,0.809431053245407,1.05059239768649,0.223190592135157,-1.2180878457153,"COMPLETE",-0.0810347440846577
"LUSC","Tier 2_T_NK_cell_Hallmark_HALLMARK_MYC_TARGETS_V1",485,210,-0.112652979374774,0.0672243986024812,0.893460655600812,0.783166172950234,1.01928807790497,0.0937822354327345,-1.67577519050674,"COMPLETE",-0.112652979374774
"LUSC","Tier 2_T_NK_cell_Hallmark_HALLMARK_MYC_TARGETS_V2",485,210,-0.0803403034447526,0.0673191414569236,0.922802260159397,0.808735472551436,1.05295741346517,0.232703218578715,-1.19342436201687,"COMPLETE",-0.0803403034447526
"LUSC","Tier 2_T_NK_cell_Hallmark_HALLMARK_OXIDATIVE_PHOSPHORYLATION",485,210,-0.0999526251915273,0.0723533272622501,0.90488028555075,0.785242618508958,1.04274565832046,0.167140126409185,-1.38145167573623,"COMPLETE",-0.0999526251915273
"LUSC","Tier 2_T_NK_cell_Hallmark_HALLMARK_PEROXISOME",485,210,-0.138044032317788,0.069010554589932,0.871060336095829,0.760862794370066,0.997218046057253,0.0454644076033104,-2.00033216858001,"COMPLETE",-0.138044032317788
"LUSC","Tier 2_T_NK_cell_Hallmark_HALLMARK_REACTIVE_OXYGEN_SPECIES_PATHWAY",485,210,0.0376330238036916,0.0713784352648076,1.03835011317688,0.902789252636774,1.19426649617884,0.598032210838275,0.527232400991651,"COMPLETE",0.0376330238036916
"LUSC","Tier 2_T_NK_cell_Hallmark_HALLMARK_SPERMATOGENESIS",484,209,-0.109375259722363,0.0681276511048916,0.896393973821559,0.784347590041758,1.0244465164492,0.108395704905614,-1.60544592318273,"COMPLETE",-0.109375259722363
"LUSC","Tier 2_T_NK_cell_Hallmark_HALLMARK_UV_RESPONSE_DN",485,210,0.0906700212246848,0.0706279127309603,1.09490764935664,0.95336433605164,1.25746549906052,0.199222316033007,1.28377036385133,"COMPLETE",0.0906700212246848
"LUSC","Tier 2_T_NK_cell_Hallmark_HALLMARK_UV_RESPONSE_UP",485,210,-0.115390343045572,0.0687438719568481,0.891018273230366,0.778702772301815,1.01953350041845,0.0932388793716196,-1.67855460800935,"COMPLETE",-0.115390343045572
"LUSC","Tier 2_T_NK_cell_Hallmark_HALLMARK_XENOBIOTIC_METABOLISM",485,210,0.0423882825327366,0.0699320465770297,1.04329949508565,0.909667609826375,1.19656215598763,0.54442490721007,0.60613530716631,"COMPLETE",0.0423882825327366
